title,press,url,content,publish_date,reaction_good,reaction_warm,reaction_sad,reaction_angry,reaction_want,modify_date
"영등포 타임스퀘어 운영사 '경방', 500억 기업어음 발행 [마켓인사이트]",한국경제,https://news.naver.com/main/read.naver?mode=LSD&mid=sec&sid1=101&oid=015&aid=0004584387,"≪이 기사는 07월26일(14:27) 자본시장의 혜안 ‘마켓인사이트’에 게재된 기사입니다≫영등포 타임스퀘어 전경.  한경DB100여년 역사를 자랑하는 섬유기업 '경방'이 500억원의 기업어음을 발행했다. 지금은 서울 영등포의 복합쇼핑몰인 타임스퀘어 등을 운영하며 부동산 개발·임대업의 비중도 커졌다. 26일 한국예탁결제원 등에 따르면 경방은 이날 KB증권을 통해 1년만기 액면 50억원 기업어음 10매를 발행해 자금을 조달했다. 신한은행이 어음의 지금을 보증했다. 보증 덕분에 기업어음 신용등급은 A1 등급으로 평가됐다. 경방은 지난 1분기말 기준으로  자산 약 1조2000억원에, 총 차입금이 2681억원에 불과하다.  2018~2019년 2000억원대 매출과 400억원 내외의 매출을 기록했다. 작년엔 코로나19의 영향으로 영업이익이 250억원으로 주춤했으나 올 1분기엔 섬유사업부 매출액이 144억원을 기록하고 영업이익은 흑자로 전환하는 등 전체적으로 133억원의 영업이익을 기록했다. 경방은 지난 5~6월엔 총 29억여원을 들여 시장에서 자사주 20만주를 매입하기도 했다. ",2021.07.28. 오전 9:25,0,0,0,0,0,
경방 수주공시 - 물품공급 계약 209.2억원 (매출액대비 6.08%),한국경제,https://news.naver.com/main/read.naver?mode=LSD&mid=sec&sid1=101&oid=015&aid=0004347026,"05월 25일 경방(000050)은 수주공시를 발표했다.◆경방 수주공시 개요- 물품공급 계약 209.2억원 (매출액대비 6.08%)경방(000050)은 물품공급 계약에 관한 단일판매ㆍ공급계약체결을 25일에 공시했다.계약 상대방은 주식회사 국동이고, 계약금액은 209.2억원 규모로 최근 경방 매출액 3,438.9억원 대비 약 6.08% 수준이다. 이번 계약의 기간은 2020년 05월 25일 부터 2020년 06월 30일까지로 약 1개월이다.한편 이번 계약수주는 2020년 05월 22일에 체결된 것으로 보고되었다.차트한편, 오늘 분석한 경방은 섬유사업 영위 및 복합쇼핑몰 운영 업체로 알려져 있다.한경로보뉴스이 기사는 한국경제신문과 금융 AI 전문기업 씽크풀이 공동 개발한 기사 자동생성 알고리즘에 의해 실시간으로 작성된 것입니다.▶ 네이버에서 한국경제 뉴스를 받아보세요▶ 한경닷컴 바로가기  ▶ 모바일한경 구독신청 ⓒ 한국경제 & hankyung.com, 무단전재 및 재배포 금지",2020.05.25. 오후 4:51,2,0,0,0,0,
"'경방' 5% 이상 상승, 주가 반등으로 5일 이평선 넘어섬, 단기 이평선 역배열 구간",한국경제,https://news.naver.com/main/read.naver?mode=LSD&mid=sec&sid1=101&oid=015&aid=0004368551,"◆ 차트 분석- 주가 반등으로 5일 이평선 넘어섬, 단기 이평선 역배열 구간차트상 주가의 흐름은 단기적으로 역배열을 만들면서 조정을 받았지만, 반등하면서 5일선을 넘어서는 모습이다.이 종목의 차트에서 최근에 주가 5MA 상향돌파, 최근 5일 매물대 돌파 등을 확인할 수 있다[그래프]경방 차트 분석◆ 주체별 매매동향- 개인의 거래비중 크게 높음, 거래비중 81.0% (최근한달)지난 한달을 기준으로 보면 외국인이 21.0만주를 순매수했고, 기관도 3.9만주를 순매수했다. 반면 개인들은 18.2만주를 순매도한 것으로 나타났다. 같은 기간 개인의 거래비중이 81.0%로 가장 높아, 주요 거래 주체로 참여했음을 알 수 있다.[그래프]경방 외국인/기관 매매동향한경로보뉴스이 기사는 한국경제신문과 금융 AI 전문기업 씽크풀이 공동 개발한 기사 자동생성 알고리즘에 의해 실시간으로 작성된 것입니다.▶ 네이버에서 한국경제 뉴스를 받아보세요▶ 한경닷컴 바로가기  ▶ 모바일한경 구독신청 ⓒ 한국경제 & hankyung.com, 무단전재 및 재배포 금지",2020.06.26. 오후 1:31,0,0,0,0,0,
"'경방' 5% 이상 상승, 주가 반등으로 5일 이평선 넘어섬, 단기 이평선 역배열 구간",한국경제,https://news.naver.com/main/read.naver?mode=LSD&mid=sec&sid1=101&oid=015&aid=0004363880,"◆ 차트 분석- 주가 반등으로 5일 이평선 넘어섬, 단기 이평선 역배열 구간일봉 차트의 모습은 단기적으로 역배열을 만들면서 조정을 받았지만, 반등하면서 5일선을 넘어서는 모습이다.[그래프]경방 차트 분석◆ 기업개요경방은 섬유사업 영위 및 복합쇼핑몰 운영 업체로 알려져 있다.한경로보뉴스이 기사는 한국경제신문과 금융 AI 전문기업 씽크풀이 공동 개발한 기사 자동생성 알고리즘에 의해 실시간으로 작성된 것입니다.▶ 네이버에서 한국경제 뉴스를 받아보세요▶ 한경닷컴 바로가기  ▶ 모바일한경 구독신청 ⓒ 한국경제 & hankyung.com, 무단전재 및 재배포 금지",2020.06.19. 오전 11:53,0,0,0,0,0,
경방-동화약품 등 “우리 힘으로 나라 살리자” 민족정신 바탕,동아일보,https://news.naver.com/main/read.naver?mode=LSD&mid=sec&sid1=101&oid=020&aid=0003278526,"[창간 100주년]한국의 100년 기업들두산, 본업 바꿔가며 124년 장수… 경방, 창립초 소액주주 운동도1919년 10월 5일 서울 종로구의 한 요릿집 태화관. 28세의 젊은 교육자이던 인촌 김성수, 철종의 사위인 박영효, 국어학자 이희승 등 당대 지식인들이 한자리에 모였다. 7개월 전 3·1운동 독립선언문이 낭독된 이곳에서 주식회사 ‘경성방직’(현 경방)의 창립총회가 열렸기 때문이다. 올해 101세가 된 경방은 한국 최초 근대적 기업의 효시로 꼽힌다. 한국 최초의 법인은 한성은행(1897년)이지만 경방은 주식 공모 등을 거쳐 근대적 기업의 형태를 갖췄기 때문이다. 경방뿐만 아니라 두산(1896년 설립), 동화약품(1897년 설립) 등도 한국의 대표 장수기업으로 꼽힌다. 이 기업들은 해외의 100년 기업과 구별되는 특징을 바탕으로 성장했다. 구한말과 식민지 시대로의 전환이라는 엄혹한 시절에 ‘우리 힘으로 나라를 살리고 싶다’는 민족정신을 바탕으로 한 기업가 정신이 창업 중심에 있었다는 점이다.  실제로 경방은 1919년 창립 초기 총 2만 주 중 지분 90%가량을 188명에 달하는 소액주주가 나눠 가지고 있었다. 창립 멤버인 인촌은 조선 부호들로부터 더 쉽게 투자를 받을 수 있었지만 많은 조선인이 참여한 민족기업을 세우고 싶다는 꿈을 이루기 위해 1인 1주 운동을 벌였다. 전국을 돌며 ‘주식이라는 종이 조각에 왜 쌀 두 가마니 값을 내야 하느냐’는 지방 유지들을 설득한 것이다. 한국 최초의 제약기업인 동화약품도 민족정신을 바탕으로 창립됐다. 동화(同和)라는 상호는 1897년 동화약방 창립 당시 주역에서 따온 말이다. “두 사람이 마음을 합하면 그 예리함이 쇠(金)도 자를 수 있다. 나라가 화평하고 해마다 풍년이 들면 나라가 부강해지고 국민이 평안해진다”는 문구에서 이름을 따왔다. 한국 최초의 등록상표인 동화약품의 ‘부채표 활명수’는 독립운동의 자금줄 역할을 톡톡히 하기도 했다.  1896년 박승직상점이 효시인 두산은 1946년 광복 후 두산상회로 명칭을 변경하고, 일제가 남기고 간 맥주 공장을 인수하며 제조 기업의 틀을 갖췄다. 두산은 본업을 바꿔가며 끊임없이 변화해 한국의 장수기업 중 가장 규모가 큰 대기업으로 성장한 것이 특징이다. 박승직상점의 히트 상품은 ‘박가분’이란 화장품이었고, 두산 설립 이후 OB맥주가 본업이었지만 현재는 두산인프라코어, 두산중공업 등 기계 및 에너지발전 산업이 핵심 사업이 됐다. 숱한 위기 속에 ‘사업보다 기업을 잇는 게 중요하다’며 진화해 온 덕분이라는 게 재계의 분석이다. 삼성, 현대자동차그룹, SK그룹 등 한국을 대표하는 5대 그룹의 평균 나이는 65.6세로 100년 기업을 향해 가는 중반쯤 와 있다. 지난해 50주년을 맞이한 삼성전자의 이재용 부회장은 “삼성의 기술로 행복한 미래”라는 기치를 내걸면서 100년 기업을 향해 가자고 강조했다. 올해 53주년을 맞은 현대자동차의 정의선 수석부회장은 신년사에서 “각자가 스타트업 창업가와 같은 마음으로 도전하자”며 100년 기업의 의지를 드러냈다.김현수 기자 kimhs@donga.com ▶ 네이버에서 [동아일보] 채널 구독하기▶ 집 볼 때 쓰는 메모장 '집보장'ⓒ 동아일보 & donga.com, 무단 전재 및 재배포 금지",2020.04.01. 오전 3:05,1,0,0,0,0,
"'경방' 5% 이상 상승, 주가 반등 시도, 단기 이평선 역배열 구간",한국경제,https://news.naver.com/main/read.naver?mode=LSD&mid=sec&sid1=101&oid=015&aid=0004361022,"◆ 차트 분석- 주가 반등 시도, 단기 이평선 역배열 구간차트상 주가의 흐름은 단기 이평선이 중기 이평선 아래에 놓인 역배열 구간으로, 주가가 반등을 시도하는 모습이다.[그래프]경방 차트 분석◆ Valuation- 전일 종가 기준 PER 8.5배, PBR 0.4배전일 종가를 기준으로 이 종목의 PER는 8.5배, PBR은 0.4배이다. PER는 유통업업종의 평균 PER 19.3배 대비 -10.8배 낮은 수준으로 업종 내에서 상위 39%에 있고, PBR은 유통업업종의 평균 PBR 1.1배 대비 -0.7배 낮은 수준으로 업종 내에서 하위 32%에 위치한다.현재 이 종목은 PBR이 1 보다 작아서 시가총액이 자산가치에 못 미치고 있으니 회사의 실적을 면밀히 살펴볼 필요가 있다.[표]경방 Valuation한경로보뉴스이 기사는 한국경제신문과 금융 AI 전문기업 씽크풀이 공동 개발한 기사 자동생성 알고리즘에 의해 실시간으로 작성된 것입니다.▶ 네이버에서 한국경제 뉴스를 받아보세요▶ 한경닷컴 바로가기  ▶ 모바일한경 구독신청 ⓒ 한국경제 & hankyung.com, 무단전재 및 재배포 금지",2020.06.16. 오전 9:08,0,0,0,0,0,
"'경방' 5% 이상 상승, 상승 추세 후 조정 중, 단기·중기 이평선 정배열",한국경제,https://news.naver.com/main/read.naver?mode=LSD&mid=sec&sid1=101&oid=015&aid=0004353913,"◆ 차트 분석- 상승 추세 후 조정 중, 단기·중기 이평선 정배열차트상 주가의 흐름은 단기·중기 이평선의 정배열 구간에서 상승추세를 이어오다가 조정을 받은 모습이다.[그래프]경방 차트 분석◆ Valuation- 전일 종가 기준 PER 9.2배, PBR 0.5배전일 종가를 기준으로 이 종목의 PER는 9.2배, PBR은 0.5배이다. PER는 유통업업종의 평균 PER 23.1배 대비 -13.9배 낮은 수준으로 업종 내에서 상위 42%에 있고, PBR은 유통업업종의 평균 PBR 1.2배 대비 -0.7배 낮은 수준으로 업종 내에서 하위 37%에 위치한다.현재 이 종목은 PBR이 1 보다 작아서 시가총액이 자산가치에 못 미치고 있으니 회사의 실적을 면밀히 살펴볼 필요가 있다.[표]경방 Valuation한경로보뉴스이 기사는 한국경제신문과 금융 AI 전문기업 씽크풀이 공동 개발한 기사 자동생성 알고리즘에 의해 실시간으로 작성된 것입니다.▶ 네이버에서 한국경제 뉴스를 받아보세요▶ 한경닷컴 바로가기  ▶ 모바일한경 구독신청 ⓒ 한국경제 & hankyung.com, 무단전재 및 재배포 금지",2020.06.04. 오후 1:49,0,0,0,0,0,
"'경방' 5% 이상 상승, 물품공급 계약 209.2억원 (매출액대비 6.08%)",한국경제,https://news.naver.com/main/read.naver?mode=LSD&mid=sec&sid1=101&oid=015&aid=0004350121,"◆ 최근 발표한 수주공시- 물품공급 계약 209.2억원 (매출액대비 6.08%)경방(000050)은 물품공급 계약에 관한 단일판매ㆍ공급계약체결을 25일에 공시했다.계약 상대방은 주식회사 국동이고, 계약금액은 209.2억원 규모로 최근 경방 매출액 3,438.9억원 대비 약 6.08% 수준이다. 이번 계약의 기간은 2020년 05월 25일 부터 2020년 06월 30일까지로 약 1개월이다.한편 이번 계약수주는 2020년 05월 22일에 체결된 것으로 보고되었다.한경로보뉴스이 기사는 한국경제신문과 금융 AI 전문기업 씽크풀이 공동 개발한 기사 자동생성 알고리즘에 의해 실시간으로 작성된 것입니다.▶ 네이버에서 한국경제 뉴스를 받아보세요▶ 한경닷컴 바로가기  ▶ 모바일한경 구독신청 ⓒ 한국경제 & hankyung.com, 무단전재 및 재배포 금지",2020.05.29. 오후 2:24,0,0,0,0,0,
"'경방' 52주 신고가 경신, 단기·중기 이평선 정배열로 상승세",한국경제,https://news.naver.com/main/read.naver?mode=LSD&mid=sec&sid1=101&oid=015&aid=0004349091,"◆ 차트 분석- 단기·중기 이평선 정배열로 상승세이 시간 차트의 흐름은 현재 단기·중기 이평선이 정배열 상태로 상승세를 보이고 있다.최근 이 종목의 차트에서 캔들패턴(하락반전형) 등의 특이사항이 발생했다.[그래프]경방 차트 분석◆ 기업개요경방은 섬유사업 영위 및 복합쇼핑몰 운영 업체로 알려져 있다.한경로보뉴스이 기사는 한국경제신문과 금융 AI 전문기업 씽크풀이 공동 개발한 기사 자동생성 알고리즘에 의해 실시간으로 작성된 것입니다.▶ 네이버에서 한국경제 뉴스를 받아보세요▶ 한경닷컴 바로가기  ▶ 모바일한경 구독신청 ⓒ 한국경제 & hankyung.com, 무단전재 및 재배포 금지",2020.05.28. 오전 9:48,0,0,0,0,0,
"'경방' 5% 이상 상승, 단기·중기 이평선 정배열로 상승세",한국경제,https://news.naver.com/main/read.naver?mode=LSD&mid=sec&sid1=101&oid=015&aid=0004345513,"◆ 차트 분석- 단기·중기 이평선 정배열로 상승세이 시간 차트의 흐름은 현재 단기·중기 이평선이 정배열 상태로 상승세를 보이고 있다.이 종목의 차트에서 최근에 일목균형표 기준선 상향교차(매수), 최근 5일 매물대 돌파 등을 확인할 수 있다[그래프]경방 차트 분석◆ 주체별 매매동향- 개인의 거래비중 크게 높음, 거래비중 87.6% (최근한달)지난 한달을 기준으로 보면 기관이 1.2만주를 순매수한 반면, 외국인은 1.1만주를 순매도했고, 개인들도 9.6만주를 순매도했다. 같은 기간 개인의 거래비중이 87.6%로 가장 높아, 주요 거래 주체로 참여했음을 알 수 있다.[그래프]경방 외국인/기관 매매동향한경로보뉴스이 기사는 한국경제신문과 금융 AI 전문기업 씽크풀이 공동 개발한 기사 자동생성 알고리즘에 의해 실시간으로 작성된 것입니다.▶ 네이버에서 한국경제 뉴스를 받아보세요▶ 한경닷컴 바로가기  ▶ 모바일한경 구독신청 ⓒ 한국경제 & hankyung.com, 무단전재 및 재배포 금지",2020.05.22. 오전 9:18,0,0,0,0,0,
"[잠정실적]경방, 작년 4Q 매출액 918억(-2.6%) 영업이익 107억(+26%) (연결)",한국경제,https://news.naver.com/main/read.naver?mode=LSD&mid=sec&sid1=101&oid=015&aid=0004285129,"◆ 작년 4Q 영업이익 107억원... 전년동기比 26%↑05일 경방(000050)은 작년 4분기 연결기준 영업이익이 107억원을 기록해 전년 동기 대비 26%  늘어난 것으로 집계됐다고 공시했다. 같은 기간 매출액은 -2.6%  감소한 918억원을 기록했다.[표]경방 분기 실적* 4분기 실적은 연간실적 공시를 토대로 계산된 값임◆ 당분기 영업이익, 3년 최고 영업이익(2016. 4Q) 대비 70.2% 수준[그래프]경방 분기별 실적 추이◆ 작년 4분기 실적 반영 시 PER 15배 → 5.7배 (업종대비 저PER)[표]경방 투자지표 비교* 투자지표는 최근 4개 분기 당기순이익의 합으로 계산함◆ 실적 발표 직전, 6일 연속 기관 순매수기관투자자들은 경방이 실적을 발표하기 전, 6일 연속 경방의 주식 4.9만주를 순매수했다. 이 기간 동안 외국인은 -1.4만주를 순매도했고, 개인도 -5.4만주를 순매도했다. 같은 기간 경방 주가는 -0.3% 하락했다.[그래프]경방 실적발표 직전 투자자 동향한편, 경방은 최근에 아래와 같이 공시를 발표한 바 있다. &nbsp- 01/10 최대주주등의 소유주식변동(보통주(1029주))&nbsp- 01/09 [지분변동공시](주)동아일보사-1.22%p 감소, 3.86% 보유한경로보뉴스이 기사는 한국경제신문과 금융 AI 전문기업 씽크풀이 공동 개발한 기사 자동생성 알고리즘에 의해 실시간으로 작성된 것입니다.▶ 네이버에서 한국경제 뉴스를 받아보세요▶ 한경닷컴 바로가기  ▶ 모바일한경 구독신청 ⓒ 한국경제 & hankyung.com, 무단전재 및 재배포 금지",2020.02.06. 오전 8:33,0,0,0,0,0,
[유가증권 기업공시] (27일) 경방 등,한국경제,https://news.naver.com/main/read.naver?mode=LSD&mid=sec&sid1=101&oid=015&aid=0004331677,"▲경방=경방베트남에 580억원을 출자하기로 결정.▲아모레퍼시픽그룹=(주)신영을 상대로 1520억원에 서울 성암빌딩 매각하기로 결정.▲한진중공업=청주 사모1구역 주택재개발정비사업 시공자로 선정.▶ 네이버에서 한국경제 뉴스를 받아보세요▶ 한경닷컴 바로가기  ▶ 모바일한경 구독신청 ⓒ 한국경제 & hankyung.com, 무단전재 및 재배포 금지",2020.04.28. 오전 12:52,0,0,1,0,0,
"'경방' 5% 이상 상승, 주가 상승 중, 단기간 골든크로스 형성",한국경제,https://news.naver.com/main/read.naver?mode=LSD&mid=sec&sid1=101&oid=015&aid=0004327716,"◆ 차트 분석- 주가 상승 중, 단기간 골든크로스 형성추세선으로 보면 단기간에 골든크로스를 만들고 주가가 60일선까지 뚫고 가는 모습이다.이 종목의 차트에서 최근에 최근 5일 매물대 돌파 등을 확인할 수 있다[그래프]경방 차트 분석◆ 주체별 매매동향- 개인의 거래비중 크게 높음, 거래비중  92.4% (최근한달)지난 한달을 기준으로 보면 외국인이 8,320주를 순매도했고, 기관도 10.7만주를 순매도했지만, 개인은 오히려 17.9만주를 순매수했다. 같은 기간, 개인의 거래 비중이 92.4%로 가장 높아, 이 종목의 주요 거래 주체는 개인이었음을 알 수 있다.[그래프]경방 외국인/기관 매매동향한경로보뉴스이 기사는 한국경제신문과 금융 AI 전문기업 씽크풀이 공동 개발한 기사 자동생성 알고리즘에 의해 실시간으로 작성된 것입니다.▶ 네이버에서 한국경제 뉴스를 받아보세요▶ 한경닷컴 바로가기  ▶ 모바일한경 구독신청 ⓒ 한국경제 & hankyung.com, 무단전재 및 재배포 금지",2020.04.21. 오전 9:25,0,0,0,0,0,
"'경방' 52주 신고가 경신, 주가 상승 중, 단기간 골든크로스 형성",한국경제,https://news.naver.com/main/read.naver?mode=LSD&mid=sec&sid1=101&oid=015&aid=0004321946,"◆ 차트 분석- 주가 상승 중, 단기간 골든크로스 형성이 시간 차트의 흐름은 단기간에 골든크로스를 만들고 주가가 60일선까지 뚫고 가는 모습이다.이 종목의 차트에서 최근에 최근 5일 매물대 돌파, 최근 60일 매물대 돌파 등을 확인할 수 있다[그래프]경방 차트 분석◆ 주체별 매매동향- 기관 3일 연속 순매도(4.2만주)지난 한달을 기준으로 보면 외국인이 1.1만주를 순매수한 반면, 기관은 4.4만주를 순매도했고, 개인들도 12.3만주를 순매도한 것으로 집계됐다. 같은 기간, 개인의 거래 비중이 80.1%로 가장 높아, 이 종목의 주요 거래 주체는 개인이었음을 알 수 있다.한편 기관은 이 종목에 대해서 최근 3일 연속 4.2만주 순매도를 하고 있다.[그래프]경방 외국인/기관 매매동향한경로보뉴스이 기사는 한국경제신문과 금융 AI 전문기업 씽크풀이 공동 개발한 기사 자동생성 알고리즘에 의해 실시간으로 작성된 것입니다.▶ 네이버에서 한국경제 뉴스를 받아보세요▶ 한경닷컴 바로가기  ▶ 모바일한경 구독신청 ⓒ 한국경제 & hankyung.com, 무단전재 및 재배포 금지",2020.04.10. 오전 9:07,0,0,0,0,0,
"'경방' 20% 이상 상승, 주가 상승 중, 단기간 골든크로스 형성",한국경제,https://news.naver.com/main/read.naver?mode=LSD&mid=sec&sid1=101&oid=015&aid=0004321948,"◆ 차트 분석- 주가 상승 중, 단기간 골든크로스 형성이 시간 차트의 흐름은 단기간에 골든크로스를 만들고 주가가 60일선까지 뚫고 가는 모습이다.이 종목의 차트에서 최근에 최근 5일 매물대 돌파, 최근 60일 매물대 돌파 등을 확인할 수 있다[그래프]경방 차트 분석◆ Valuation- 전일 종가 기준 PER 6.6배, PBR 0.4배전일 종가를 기준으로 이 종목의 PER는 6.6배, PBR은 0.4배이다. PER는 유통업업종의 평균 PER 18.5배 대비 -11.9배 낮은 수준으로 업종 내에서 상위 42%에 있고, PBR은 유통업업종의 평균 PBR 1.0배 대비 -0.6배 낮은 수준으로 업종 내에서 하위 35%에 위치한다.현재 이 종목은 PBR이 1 보다 작아서 시가총액이 자산가치에 못 미치고 있으니 회사의 실적을 면밀히 살펴볼 필요가 있다.[표]경방 Valuation한경로보뉴스이 기사는 한국경제신문과 금융 AI 전문기업 씽크풀이 공동 개발한 기사 자동생성 알고리즘에 의해 실시간으로 작성된 것입니다.▶ 네이버에서 한국경제 뉴스를 받아보세요▶ 한경닷컴 바로가기  ▶ 모바일한경 구독신청 ⓒ 한국경제 & hankyung.com, 무단전재 및 재배포 금지",2020.04.10. 오전 9:07,0,0,0,0,0,
"'경방' 20% 이상 상승, 주가 상승 중, 단기간 골든크로스 형성",한국경제,https://news.naver.com/main/read.naver?mode=LSD&mid=sec&sid1=101&oid=015&aid=0004321269,"◆ 차트 분석- 주가 상승 중, 단기간 골든크로스 형성이 시간 차트의 흐름은 단기간에 골든크로스를 만들고 주가가 60일선까지 뚫고 가는 모습이다.최근 이 종목의 차트에서 일목균형표 기준선 상향교차(매수), 일목균형표 선행스팬 상향돌파(매수), 삼선전환도(양전환) 등의 특이사항이 발생했다.[그래프]경방 차트 분석◆ Valuation- 전일 종가 기준 PER 5.1배, PBR 0.3배전일 종가를 기준으로 이 종목의 PER는 5.1배, PBR은 0.3배이다. PER는 유통업업종의 평균 PER 18.5배 대비 -13.4배 낮은 수준으로 업종 내에서 하위 49%에 있고, PBR은 유통업업종의 평균 PBR 1.0배 대비 -0.7배 낮은 수준으로 업종 내에서 하위 21%에 위치한다.현재 이 종목은 PBR이 1 보다 작아서 시가총액이 자산가치에 못 미치고 있으니 회사의 실적을 면밀히 살펴볼 필요가 있다.[표]경방 Valuation한경로보뉴스이 기사는 한국경제신문과 금융 AI 전문기업 씽크풀이 공동 개발한 기사 자동생성 알고리즘에 의해 실시간으로 작성된 것입니다.▶ 네이버에서 한국경제 뉴스를 받아보세요▶ 한경닷컴 바로가기  ▶ 모바일한경 구독신청 ⓒ 한국경제 & hankyung.com, 무단전재 및 재배포 금지",2020.04.09. 오전 9:15,0,0,0,0,0,
"'경방' 상한가↑ 도달, 주가 상승 중, 단기간 골든크로스 형성",한국경제,https://news.naver.com/main/read.naver?mode=LSD&mid=sec&sid1=101&oid=015&aid=0004321370,"◆ 차트 분석- 주가 상승 중, 단기간 골든크로스 형성추세선으로 보면 단기간에 골든크로스를 만들고 주가가 60일선까지 뚫고 가는 모습이다.최근 이 종목의 차트에서 최근 60일 매물대 돌파, 일목균형표 기준선 상향교차(매수), 삼선전환도(양전환) 등의 특이사항이 발생했다.[그래프]경방 차트 분석◆ 기업개요경방은 섬유사업 영위 및 복합쇼핑몰 운영 업체로 알려져 있다.한경로보뉴스이 기사는 한국경제신문과 금융 AI 전문기업 씽크풀이 공동 개발한 기사 자동생성 알고리즘에 의해 실시간으로 작성된 것입니다.▶ 네이버에서 한국경제 뉴스를 받아보세요▶ 한경닷컴 바로가기  ▶ 모바일한경 구독신청 ⓒ 한국경제 & hankyung.com, 무단전재 및 재배포 금지",2020.04.09. 오전 10:00,0,0,0,1,0,
"'경방' 10% 이상 상승, 주가 20일 이평선 상회, 단기·중기 이평선 역배열",한국경제,https://news.naver.com/main/read.naver?mode=LSD&mid=sec&sid1=101&oid=015&aid=0004319898,"◆ 차트 분석- 주가 20일 이평선 상회, 단기·중기 이평선 역배열차트상 주가의 흐름은 중기적으로 역배열을 보이고 있지만 단기적으로 반등흐름이 나오면서 20일선을 넘어서는 모습이다.최근 이 종목의 차트에서 최근 5일 매물대 돌파, 주가 5MA 상향돌파 등의 특이사항이 발생했다.[그래프]경방 차트 분석◆ 기업개요경방은 섬유사업 영위 및 복합쇼핑몰 운영 업체로 알려져 있다.한경로보뉴스이 기사는 한국경제신문과 금융 AI 전문기업 씽크풀이 공동 개발한 기사 자동생성 알고리즘에 의해 실시간으로 작성된 것입니다.▶ 네이버에서 한국경제 뉴스를 받아보세요▶ 한경닷컴 바로가기  ▶ 모바일한경 구독신청 ⓒ 한국경제 & hankyung.com, 무단전재 및 재배포 금지",2020.04.07. 오전 9:41,0,0,1,0,0,
"현금 확보한 경방, 실적부진 탈출 나서나",한국경제,https://news.naver.com/main/read.naver?mode=LSD&mid=sec&sid1=101&oid=015&aid=0004259049,"기업재무 리포트광주공장 베트남 이전 이어 이번엔 용인공장 매각새 성장 모멘텀 마련될까자산주 매력 부각경방이 광주공장을 베트남으로 이전한 데 이어 이번에는 용인공장을 매각했다. 국내에 보유하고 있던 세 개 공장(반월·광주·용인) 중 반월공장을 제외하고 모두 정리했다. 국내 면방직·섬유산업을 대표하는 기업인 경방이 한국에서는 사실상 섬유사업을 접고 있다. 경방은 이미 면방직산업의 하락세 속에 서울 영등포 타임스퀘어 등 임대 및 쇼핑몰 운영으로 수익을 내고 있다. 경방이 공장 부지 매각으로 확보한 자금을 통해 새로운 도약에 나설지 주목된다.용인공장 1550억원에 매각 계약금융감독원 전자공시시스템에 따르면 경방은 지난 16일 경기 용인시 처인구 공장을 물류단지 등 부동산 개발업을 하는 (주)딩동에 매각했다. 매각가는 1550억원이다. 경방 전체 자산(1조3017억원)의 11.9% 규모다.경방은 지난 8월 광주공장도 생산을 중단하고 투자설비를 베트남으로 이전했다. 경방은 광주공장 부지도 매각할 예정이다. 면방 중 생사를 만들던 광주공장과 용인공장 모두 멈추고 처분하는 것이다. 경방이 보유하고 있는 공장 중에선 반월공장만 남아 가공사를 생산하고 있다.경방은 1919년 경성방직으로 설립돼 1960~1970년대 면방으로 국내 수출산업을 주도한 대표 기업이다. 그러나 2000년대 이후 면방직산업의 쇠퇴와 임금 인상 등에 고전하고 있다.경방의 매출은 섬유사업과 백화점 호텔 등 복합쇼핑몰사업 등으로 구성된다. 경방의 올 3분기 누적 연결기준 매출은 2520억원, 영업이익은 213억원이다. 매출은 전년 동기 대비 2%, 영업이익은 34.5% 감소했다. 이 가운데 섬유사업부는 매출 1300억원, 영업손실 122억원을 기록했다. 복합쇼핑몰사업부(타임스퀘어 운영)의 매출과 영업이익은 각각 1299억원, 355억원이었다.매출만 보면 섬유사업과 쇼핑몰이 절반씩 차지하는 것 같지만 섬유사업은 수익 면에서 매년 수십억원의 손실을 내고 있다. 반면 쇼핑몰 부문은 연간 400억원 이상의 수익을 벌어들이고 있다.섬유사업부의 실적은 그나마도 2013년 세운 경방베트남에 절대적으로 의존하고 있다. 국내 섬유사업부 매출은 580억원에 그쳐 복합쇼핑몰사업부의 절반에도 미치지 못한다. 영업손실도 75억원으로 적자 폭이 확대되고 있다. 경방은 베트남 공장에 4200만달러(약 490억원)의 현금을 출자해 지원하고 있다.자산주 매력 올라갈까…자금 활용이 관건증권업계에서는 섬유산업 부진의 늪에서 벗어나지 못하는 경방이 공장 매각을 통해 새로운 성장 모멘텀을 마련할 수 있을지 주목하고 있다.경방은 보유한 자산가치가 시가총액(2739억원)보다 4.8배 정도 커 ‘자산주’로 분류된다. 경방의 주가순자산비율(PBR: 주가/주당순자산)은 0.38배에 불과하다. 주주들은 경방의 배당금 증액 여부에도 관심을 갖는 분위기다. 경방 배당수익률은 지난해 기준 1.1%로 낮다. 17일 유가증권시장에서 경방은 310원(3.2%) 오른 9990원에 마감했다. 장중에는 상한가까지 치솟기도 했다. 자산 매각을 통한 주주가치 증대 기대감이 반영된 것으로 분석된다.경방이 공장을 매각한 자금을 어떤 방식으로 활용할지가 당장 시장의 관심이다. 업계에선 확보한 현금을 베트남 공장에 추가 투자할 것으로 보는 시각이 있다. 일각에선 신규 사업을 모색할 것이란 전망도 나온다. 특히 물류단지 관련 개발업을 하는 딩동에 매각했다는 점에 비춰 경방도 물류센터에 투자할 것이란 관측이 제기된다.이채원 한국투자밸류자산운용 대표는 “부동산을 매각해 이익을 낸 것 자체는 주주 관점에서 단기적으로 호재라고 볼 수 있다”며 “다만 향후 확보한 현금을 통해 어떤 가치를 창출하냐에 따라 장기적으로 평가가 가능할 것”이라고 말했다.설지연 기자 sjy@hankyung.com▶ 네이버에서 한국경제 뉴스를 받아보세요▶ 한경닷컴 바로가기  ▶ 모바일한경 구독신청 ⓒ 한국경제 & hankyung.com, 무단전재 및 재배포 금지",2019.12.17. 오후 5:34,6,2,0,0,0,2019.12.18. 오전 3:05
"'경방' 52주 신고가 경신, 외국인 5일 연속 순매수(15.9만주)",한국경제,https://news.naver.com/main/read.naver?mode=LSD&mid=sec&sid1=101&oid=015&aid=0004350017,"◆ 주체별 매매동향- 외국인 5일 연속 순매수(15.9만주)지난 한달을 기준으로 보면 외국인이 14.1만주를 순매수했고, 기관도 4.7만주를 순매수했다. 반면 개인들은 18.2만주를 순매도한 것으로 나타났다. 같은 기간 개인의 거래비중이 83.0%로 가장 높아, 주요 거래 주체로 참여했음을 알 수 있다.한편 외국인은 이 종목에 대해서 최근 5일 연속 15.9만주 순매수를 하고 있다.[그래프]경방 외국인/기관 매매동향한경로보뉴스이 기사는 한국경제신문과 금융 AI 전문기업 씽크풀이 공동 개발한 기사 자동생성 알고리즘에 의해 실시간으로 작성된 것입니다.▶ 네이버에서 한국경제 뉴스를 받아보세요▶ 한경닷컴 바로가기  ▶ 모바일한경 구독신청 ⓒ 한국경제 & hankyung.com, 무단전재 및 재배포 금지",2020.05.29. 오후 12:06,0,0,0,0,0,
"'경방' 5% 이상 상승, 주가 20일 이평선 상회, 단기·중기 이평선 역배열",한국경제,https://news.naver.com/main/read.naver?mode=LSD&mid=sec&sid1=101&oid=015&aid=0004280226,"◆ 차트 분석- 주가 20일 이평선 상회, 단기·중기 이평선 역배열일봉 차트의 모습은 중기적으로 역배열을 보이고 있지만 단기적으로 반등흐름이 나오면서 20일선을 넘어서는 모습이다.[그래프]경방 차트 분석◆ 주체별 매매동향- 외국인 13일 연속 순매도(3.3만주)지난 한달을 기준으로 보면 기관이 2.4만주를 순매수했고, 개인들도 4.5만주를 순매수했다.  반면 그동안 외국인은 2.8만주를 순매도했다. 같은 기간 이 종목의 거래 비중은 기관과 개인이 각각 20.1%, 68.7%로 비중이 높다.한편 외국인은 이 종목에 대해서 최근 13일 연속 3.3만주 순매도를 하고 있다.[그래프]경방 외국인/기관 매매동향한경로보뉴스이 기사는 한국경제신문과 금융 AI 전문기업 씽크풀이 공동 개발한 기사 자동생성 알고리즘에 의해 실시간으로 작성된 것입니다.▶ 네이버에서 한국경제 뉴스를 받아보세요▶ 한경닷컴 바로가기  ▶ 모바일한경 구독신청 ⓒ 한국경제 & hankyung.com, 무단전재 및 재배포 금지",2020.01.29. 오전 9:09,0,0,0,0,0,
