title,press,url,content,publish_date,reaction_good,reaction_warm,reaction_sad,reaction_angry,reaction_want,modify_date
"'하이트진로홀딩스' 5% 이상 상승, 주가 상승세, 단기 이평선 역배열 구간",한국경제,https://news.naver.com/main/read.naver?mode=LSD&mid=sec&sid1=101&oid=015&aid=0004377929,"◆ 차트 분석- 주가 상승세, 단기 이평선 역배열 구간추세선으로 보면 단기 이평선이 역배열을 만들며 조정을 받다가 다시 상승으로 돌아선 모습이다.이 종목의 차트에서 최근에 삼선전환도(양전환), 최근 5일 매물대 돌파, 주가 5MA 상향돌파 등을 확인할 수 있다[그래프]하이트진로홀딩스 차트 분석◆ 기업개요하이트진로홀딩스는 하이트진로그룹의 순수 지주회사로 알려져 있다.한경로보뉴스이 기사는 한국경제신문과 금융 AI 전문기업 씽크풀이 공동 개발한 기사 자동생성 알고리즘에 의해 실시간으로 작성된 것입니다.▶ 네이버에서 한국경제 뉴스를 받아보세요▶ 한경닷컴 바로가기  ▶ 모바일한경 구독신청 ⓒ 한국경제 & hankyung.com, 무단전재 및 재배포 금지",2020.07.10. 오후 1:35,1,0,0,0,0,
"'하이트진로홀딩스' 5% 이상 상승, 단기·중기 이평선 정배열로 상승세",한국경제,https://news.naver.com/main/read.naver?mode=LSD&mid=sec&sid1=101&oid=015&aid=0004356807,"◆ 차트 분석- 단기·중기 이평선 정배열로 상승세이 시간 차트의 흐름은 현재 단기·중기 이평선이 정배열 상태로 상승세를 보이고 있다.최근 이 종목의 차트에서 최근 5일 매물대 돌파, 주가 5MA 상향돌파 등의 특이사항이 발생했다.[그래프]하이트진로홀딩스 차트 분석◆ 기업개요하이트진로홀딩스는 하이트진로그룹의 순수 지주회사로 알려져 있다.한경로보뉴스이 기사는 한국경제신문과 금융 AI 전문기업 씽크풀이 공동 개발한 기사 자동생성 알고리즘에 의해 실시간으로 작성된 것입니다.▶ 네이버에서 한국경제 뉴스를 받아보세요▶ 한경닷컴 바로가기  ▶ 모바일한경 구독신청 ⓒ 한국경제 & hankyung.com, 무단전재 및 재배포 금지",2020.06.09. 오후 12:53,1,0,0,0,0,
"'하이트진로홀딩스' 52주 신고가 경신, 단기·중기 이평선 정배열로 상승세",한국경제,https://news.naver.com/main/read.naver?mode=LSD&mid=sec&sid1=101&oid=015&aid=0004351567,"◆ 차트 분석- 단기·중기 이평선 정배열로 상승세이 시간 차트의 흐름은 현재 단기·중기 이평선이 정배열 상태로 상승세를 보이고 있다.[그래프]하이트진로홀딩스 차트 분석◆ 기업개요하이트진로홀딩스는 하이트진로그룹의 순수 지주회사로 알려져 있다.한경로보뉴스이 기사는 한국경제신문과 금융 AI 전문기업 씽크풀이 공동 개발한 기사 자동생성 알고리즘에 의해 실시간으로 작성된 것입니다.▶ 네이버에서 한국경제 뉴스를 받아보세요▶ 한경닷컴 바로가기  ▶ 모바일한경 구독신청 ⓒ 한국경제 & hankyung.com, 무단전재 및 재배포 금지",2020.06.01. 오후 3:34,1,0,0,0,0,
"'하이트진로홀딩스' 5% 이상 상승, 단기·중기 이평선 정배열로 상승세",한국경제,https://news.naver.com/main/read.naver?mode=LSD&mid=sec&sid1=101&oid=015&aid=0004360226,"◆ 차트 분석- 단기·중기 이평선 정배열로 상승세차트상 주가의 흐름은 현재 단기·중기 이평선이 정배열 상태로 상승세를 보이고 있다.이 종목의 차트에서 최근에 최근 5일 매물대 돌파 등을 확인할 수 있다[그래프]하이트진로홀딩스 차트 분석◆ 주체별 매매동향- 외국인과 개인의 거래비중 높음, 각각 12.8%, 77.5% (최근한달)지난 한달을 기준으로 보면 외국인이 4.5만주를 순매수했고, 개인들도 7.3만주를 순매수했다. 하지만 기관은 2.7만주를 순매도했다. 같은 기간 이 종목의 거래비중은 외국인과 개인이 각각 12.8%, 77.5%로 비중이 높다.[그래프]하이트진로홀딩스 외국인/기관 매매동향한경로보뉴스이 기사는 한국경제신문과 금융 AI 전문기업 씽크풀이 공동 개발한 기사 자동생성 알고리즘에 의해 실시간으로 작성된 것입니다.▶ 네이버에서 한국경제 뉴스를 받아보세요▶ 한경닷컴 바로가기  ▶ 모바일한경 구독신청 ⓒ 한국경제 & hankyung.com, 무단전재 및 재배포 금지",2020.06.15. 오전 9:42,0,0,0,0,0,
"'하이트진로홀딩스' 52주 신고가 경신, 단기·중기 이평선 정배열로 상승세",한국경제,https://news.naver.com/main/read.naver?mode=LSD&mid=sec&sid1=101&oid=015&aid=0004359216,"◆ 차트 분석- 단기·중기 이평선 정배열로 상승세추세선으로 보면 현재 단기·중기 이평선이 정배열 상태로 상승세를 보이고 있다.[그래프]하이트진로홀딩스 차트 분석◆ Valuation- 전일 종가 기준 PER 102.6배, PBR 0.4배, 업종대비 고PER전일 종가를 기준으로 이 종목의 PER는 102.6배, PBR은 0.4배이다. PER는 금융업업종의 평균 PER 8.7배 대비 +93.9배 높은 수준으로 업종 내에서 상위 3%에 있고, PBR은 금융업업종의 평균 PBR 0.5배 대비 -0.1배 낮은 수준으로 업종 내에서 상위 31%에 위치한다. 보통 높은 PER는 기업의 높은 이익증가율에 대한 시장의 기대가 반영된 것으로 해석될 수도 있다.이 종목은 코스피 전체에서 PER가 상위 5%에 랭킹되고 있어, 고평가주로 주의가 필요하다. 현재 이 종목은 PBR이 1 보다 작아서 시가총액이 자산가치에 못 미치고 있으니 회사의 실적을 면밀히 살펴볼 필요가 있다.[표]하이트진로홀딩스 Valuation한경로보뉴스이 기사는 한국경제신문과 금융 AI 전문기업 씽크풀이 공동 개발한 기사 자동생성 알고리즘에 의해 실시간으로 작성된 것입니다.▶ 네이버에서 한국경제 뉴스를 받아보세요▶ 한경닷컴 바로가기  ▶ 모바일한경 구독신청 ⓒ 한국경제 & hankyung.com, 무단전재 및 재배포 금지",2020.06.12. 오후 12:22,1,0,0,0,0,
"'하이트진로홀딩스' 5% 이상 상승, 단기·중기 이평선 정배열로 상승세",한국경제,https://news.naver.com/main/read.naver?mode=LSD&mid=sec&sid1=101&oid=015&aid=0004359217,"◆ 차트 분석- 단기·중기 이평선 정배열로 상승세일봉 차트의 모습은 현재 단기·중기 이평선이 정배열 상태로 상승세를 보이고 있다.[그래프]하이트진로홀딩스 차트 분석◆ 주체별 매매동향- 전일 외국인 대량 순매도지난 한달을 기준으로 보면 외국인이 5.4만주를 순매수했고, 개인들도 10.2만주를 순매수했다. 하지만 기관은 6.6만주를 순매도했다. 같은 기간 이 종목의 거래비중은 외국인과 개인이 각각 12.7%, 78.0%로 비중이 높다.더욱이 전일 외국인이 대량 순매도를 하고 있어 투자자들의 관심이 집중되고 있다.[그래프]하이트진로홀딩스 외국인/기관 매매동향한경로보뉴스이 기사는 한국경제신문과 금융 AI 전문기업 씽크풀이 공동 개발한 기사 자동생성 알고리즘에 의해 실시간으로 작성된 것입니다.▶ 네이버에서 한국경제 뉴스를 받아보세요▶ 한경닷컴 바로가기  ▶ 모바일한경 구독신청 ⓒ 한국경제 & hankyung.com, 무단전재 및 재배포 금지",2020.06.12. 오후 12:26,1,0,0,0,0,
"'하이트진로홀딩스' 5% 이상 상승, 단기·중기 이평선 정배열로 상승세",한국경제,https://news.naver.com/main/read.naver?mode=LSD&mid=sec&sid1=101&oid=015&aid=0004357492,"◆ 차트 분석- 단기·중기 이평선 정배열로 상승세추세선으로 보면 현재 단기·중기 이평선이 정배열 상태로 상승세를 보이고 있다.최근 이 종목의 차트에서 최근 60일 매물대 돌파 등의 특이사항이 발생했다.[그래프]하이트진로홀딩스 차트 분석◆ 주체별 매매동향- 전일 외국인 대량 순매수지난 한달을 기준으로 보면 외국인이 5.7만주를 순매수했고, 개인들도 10.7만주를 순매수했다. 하지만 기관은 8.1만주를 순매도했다. 같은 기간 이 종목의 거래비중은 외국인과 개인이 각각 12.6%, 79.4%로 비중이 높다.더욱이 전일 외국인이 대량 순매수를 하고 있어 투자자들의 관심이 집중되고 있다.[그래프]하이트진로홀딩스 외국인/기관 매매동향한경로보뉴스이 기사는 한국경제신문과 금융 AI 전문기업 씽크풀이 공동 개발한 기사 자동생성 알고리즘에 의해 실시간으로 작성된 것입니다.▶ 네이버에서 한국경제 뉴스를 받아보세요▶ 한경닷컴 바로가기  ▶ 모바일한경 구독신청 ⓒ 한국경제 & hankyung.com, 무단전재 및 재배포 금지",2020.06.10. 오전 10:52,1,0,0,0,0,
"'하이트진로홀딩스' 52주 신고가 경신, 단기·중기 이평선 정배열로 상승세",한국경제,https://news.naver.com/main/read.naver?mode=LSD&mid=sec&sid1=101&oid=015&aid=0004342285,"◆ 차트 분석- 단기·중기 이평선 정배열로 상승세차트상 주가의 흐름은 현재 단기·중기 이평선이 정배열 상태로 상승세를 보이고 있다.[그래프]하이트진로홀딩스 차트 분석◆ 기업개요하이트진로홀딩스는 하이트진로그룹의 순수 지주회사로 알려져 있다.한경로보뉴스이 기사는 한국경제신문과 금융 AI 전문기업 씽크풀이 공동 개발한 기사 자동생성 알고리즘에 의해 실시간으로 작성된 것입니다.▶ 네이버에서 한국경제 뉴스를 받아보세요▶ 한경닷컴 바로가기  ▶ 모바일한경 구독신청 ⓒ 한국경제 & hankyung.com, 무단전재 및 재배포 금지",2020.05.18. 오전 9:12,0,1,0,0,0,
"'하이트진로홀딩스' 52주 신고가 경신, 단기·중기 이평선 정배열로 상승세",한국경제,https://news.naver.com/main/read.naver?mode=LSD&mid=sec&sid1=101&oid=015&aid=0004354042,"◆ 차트 분석- 단기·중기 이평선 정배열로 상승세차트상 주가의 흐름은 현재 단기·중기 이평선이 정배열 상태로 상승세를 보이고 있다.[그래프]하이트진로홀딩스 차트 분석◆ Valuation- 전일 종가 기준 PER 92.9배, PBR 0.4배, 업종대비 고PER전일 종가를 기준으로 이 종목의 PER는 92.9배, PBR은 0.4배이다. PER는 금융업업종의 평균 PER 8.5배 대비 +84.4배 높은 수준으로 업종 내에서 상위 3%에 있고, PBR은 금융업업종의 평균 PBR 0.5배 대비 -0.1배 낮은 수준으로 업종 내에서 상위 29%에 위치한다. 보통 높은 PER는 기업의 높은 이익증가율에 대한 시장의 기대가 반영된 것으로 해석될 수도 있다.이 종목은 코스피 전체에서 PER가 상위 6%에 랭킹되고 있어, 고평가주로 주의가 필요하다. 현재 이 종목은 PBR이 1 보다 작아서 시가총액이 자산가치에 못 미치고 있으니 회사의 실적을 면밀히 살펴볼 필요가 있다.[표]하이트진로홀딩스 Valuation한경로보뉴스이 기사는 한국경제신문과 금융 AI 전문기업 씽크풀이 공동 개발한 기사 자동생성 알고리즘에 의해 실시간으로 작성된 것입니다.▶ 네이버에서 한국경제 뉴스를 받아보세요▶ 한경닷컴 바로가기  ▶ 모바일한경 구독신청 ⓒ 한국경제 & hankyung.com, 무단전재 및 재배포 금지",2020.06.04. 오후 3:34,0,1,0,0,0,
"'하이트진로홀딩스' 5% 이상 상승, 주가 상승 중, 단기간 골든크로스 형성",한국경제,https://news.naver.com/main/read.naver?mode=LSD&mid=sec&sid1=101&oid=015&aid=0004332089,"◆ 차트 분석- 주가 상승 중, 단기간 골든크로스 형성일봉 차트의 모습은 단기간에 골든크로스를 만들고 주가가 60일선까지 뚫고 가는 모습이다.이 종목의 차트에서 최근에 최근 5일 매물대 돌파 등을 확인할 수 있다[그래프]하이트진로홀딩스 차트 분석◆ 기업개요하이트진로홀딩스는 하이트진로그룹의 순수 지주회사로 알려져 있다.한경로보뉴스이 기사는 한국경제신문과 금융 AI 전문기업 씽크풀이 공동 개발한 기사 자동생성 알고리즘에 의해 실시간으로 작성된 것입니다.▶ 네이버에서 한국경제 뉴스를 받아보세요▶ 한경닷컴 바로가기  ▶ 모바일한경 구독신청 ⓒ 한국경제 & hankyung.com, 무단전재 및 재배포 금지",2020.04.28. 오후 2:53,0,0,0,0,0,
"'하이트진로홀딩스' 10% 이상 상승, 단기·중기 이평선 정배열로 상승세",한국경제,https://news.naver.com/main/read.naver?mode=LSD&mid=sec&sid1=101&oid=015&aid=0004342283,"◆ 차트 분석- 단기·중기 이평선 정배열로 상승세차트상 주가의 흐름은 현재 단기·중기 이평선이 정배열 상태로 상승세를 보이고 있다.[그래프]하이트진로홀딩스 차트 분석◆ Valuation- 전일 종가 기준 PER 마이너스, PBR 0.4배당기순이익 적자로 인해 이 종목의 PER는 마이너스이고, PBR은 0.4배이다. PER는 마이너스라서 금융업업종의 평균 PER 5.8배 대비 -14.7배 낮은 수준이고, PBR은 금융업업종의 평균 PBR 0.4배와 동일한 수준으로 업종 내에서 상위 36%에 위치한다.현재 이 종목은 PBR이 1 보다 작아서 시가총액이 자산가치에 못 미치고 있으니 회사의 실적을 면밀히 살펴볼 필요가 있다.[표]하이트진로홀딩스 Valuation한경로보뉴스이 기사는 한국경제신문과 금융 AI 전문기업 씽크풀이 공동 개발한 기사 자동생성 알고리즘에 의해 실시간으로 작성된 것입니다.▶ 네이버에서 한국경제 뉴스를 받아보세요▶ 한경닷컴 바로가기  ▶ 모바일한경 구독신청 ⓒ 한국경제 & hankyung.com, 무단전재 및 재배포 금지",2020.05.18. 오전 9:12,1,0,0,0,0,
"'하이트진로홀딩스' 52주 신고가 경신, 단기·중기 이평선 정배열로 상승세",한국경제,https://news.naver.com/main/read.naver?mode=LSD&mid=sec&sid1=101&oid=015&aid=0004341298,"◆ 차트 분석- 단기·중기 이평선 정배열로 상승세추세선으로 보면 현재 단기·중기 이평선이 정배열 상태로 상승세를 보이고 있다.[그래프]하이트진로홀딩스 차트 분석◆ 주체별 매매동향- 외국인과 개인의 거래비중 높음, 각각 10.8%, 73.4% (최근한달)지난 한달을 기준으로 보면 기관이 5.1만주를 순매수한 반면, 외국인은 3.7만주를 순매도했고, 개인들도 1.8만주를 순매도했다. 같은 기간 이 종목의 거래비중은 외국인과 개인이 각각 10.8%, 73.4%로 비중이 높다.[그래프]하이트진로홀딩스 외국인/기관 매매동향한경로보뉴스이 기사는 한국경제신문과 금융 AI 전문기업 씽크풀이 공동 개발한 기사 자동생성 알고리즘에 의해 실시간으로 작성된 것입니다.▶ 네이버에서 한국경제 뉴스를 받아보세요▶ 한경닷컴 바로가기  ▶ 모바일한경 구독신청 ⓒ 한국경제 & hankyung.com, 무단전재 및 재배포 금지",2020.05.15. 오전 11:43,0,1,0,0,0,
"'하이트진로홀딩스' 52주 신고가 경신, 최근 3일간 외국인 대량 순매수",한국경제,https://news.naver.com/main/read.naver?mode=LSD&mid=sec&sid1=101&oid=015&aid=0004366495,"◆ 주체별 매매동향- 최근 3일간 외국인 대량 순매수지난 한달을 기준으로 보면 외국인이 24.2만주를 순매수한 반면, 기관은 9.9만주를 순매도했고, 개인들도 2.5만주를 순매도한 것으로 집계됐다. 같은 기간 이 종목의 거래비중은 외국인과 개인이 각각 16.1%, 72.1%로 비중이 높다.한편 외국인과 기관은 이 종목에 대해서 각각 최근 6일 연속 순매수, 6일 연속 순매도 행진을 벌이고 있다. 더욱이 최근 3일간 외국인이 대량 순매수를 하고 있어 투자자들의 관심이 집중되고 있다.[그래프]하이트진로홀딩스 외국인/기관 매매동향한경로보뉴스이 기사는 한국경제신문과 금융 AI 전문기업 씽크풀이 공동 개발한 기사 자동생성 알고리즘에 의해 실시간으로 작성된 것입니다.▶ 네이버에서 한국경제 뉴스를 받아보세요▶ 한경닷컴 바로가기  ▶ 모바일한경 구독신청 ⓒ 한국경제 & hankyung.com, 무단전재 및 재배포 금지",2020.06.24. 오전 9:13,0,0,0,0,0,
"'하이트진로홀딩스' 52주 신고가 경신, 전일 외국인 대량 순매수",한국경제,https://news.naver.com/main/read.naver?mode=LSD&mid=sec&sid1=101&oid=015&aid=0004362703,"◆ 주체별 매매동향- 전일 외국인 대량 순매수지난 한달을 기준으로 보면 외국인이 14.2만주를 순매수했고, 개인들도 2.2만주를 순매수했다. 하지만 기관은 5.3만주를 순매도했다. 같은 기간 이 종목의 거래비중은 외국인과 개인이 각각 15.4%, 73.4%로 비중이 높다.더욱이 전일 외국인이 대량 순매수를 하고 있어 투자자들의 관심이 집중되고 있다.[그래프]하이트진로홀딩스 외국인/기관 매매동향한경로보뉴스이 기사는 한국경제신문과 금융 AI 전문기업 씽크풀이 공동 개발한 기사 자동생성 알고리즘에 의해 실시간으로 작성된 것입니다.▶ 네이버에서 한국경제 뉴스를 받아보세요▶ 한경닷컴 바로가기  ▶ 모바일한경 구독신청 ⓒ 한국경제 & hankyung.com, 무단전재 및 재배포 금지",2020.06.18. 오전 9:06,0,0,0,0,0,
"'하이트진로홀딩스' 52주 신고가 경신, 전일 외국인 대량 순매수",한국경제,https://news.naver.com/main/read.naver?mode=LSD&mid=sec&sid1=101&oid=015&aid=0004361841,"◆ 주체별 매매동향- 전일 외국인 대량 순매수지난 한달을 기준으로 보면 외국인이 9.5만주를 순매수했고, 개인들도 6.3만주를 순매수했다. 하지만 기관은 5.3만주를 순매도했다. 같은 기간 이 종목의 거래비중은 외국인과 개인이 각각 14.5%, 74.2%로 비중이 높다.더욱이 전일 외국인이 대량 순매수를 하고 있어 투자자들의 관심이 집중되고 있다.[그래프]하이트진로홀딩스 외국인/기관 매매동향한경로보뉴스이 기사는 한국경제신문과 금융 AI 전문기업 씽크풀이 공동 개발한 기사 자동생성 알고리즘에 의해 실시간으로 작성된 것입니다.▶ 네이버에서 한국경제 뉴스를 받아보세요▶ 한경닷컴 바로가기  ▶ 모바일한경 구독신청 ⓒ 한국경제 & hankyung.com, 무단전재 및 재배포 금지",2020.06.17. 오전 9:07,0,1,0,0,1,
"'하이트진로홀딩스' 5% 이상 상승, 주가 상승 흐름, 단기 이평선 정배열, 중기 이평선 역배열",한국경제,https://news.naver.com/main/read.naver?mode=LSD&mid=sec&sid1=101&oid=015&aid=0004319074,"◆ 차트 분석- 주가 상승 흐름, 단기 이평선 정배열, 중기 이평선 역배열이 시간 차트의 흐름은 중기 추세상으로는 역배열 구간에 있지만 단기적으로는 정배열 구간에서 상승흐름을 이어왔다.[그래프]하이트진로홀딩스 차트 분석◆ 주체별 매매동향- 외국인과 개인의 거래비중 높음, 각각 15.4%, 67.4% (최근한달)지난 한달을 기준으로 보면 기관이 6.5만주를 순매수한 반면, 외국인은 7.8만주를 순매도했고, 개인들도 7.5만주를 순매도했다. 같은 기간 이 종목의 거래비중은 외국인과 개인이 각각 15.4%, 67.4%로 비중이 높다.[그래프]하이트진로홀딩스 외국인/기관 매매동향한경로보뉴스이 기사는 한국경제신문과 금융 AI 전문기업 씽크풀이 공동 개발한 기사 자동생성 알고리즘에 의해 실시간으로 작성된 것입니다.▶ 네이버에서 한국경제 뉴스를 받아보세요▶ 한경닷컴 바로가기  ▶ 모바일한경 구독신청 ⓒ 한국경제 & hankyung.com, 무단전재 및 재배포 금지",2020.04.06. 오전 9:21,0,0,0,0,0,
"[잠정실적]하이트진로홀딩스, 3년 중 최고 매출 달성, 영업이익은 직전 대비 -31%↓ (연결)",한국경제,https://news.naver.com/main/read.naver?mode=LSD&mid=sec&sid1=101&oid=015&aid=0004285527,"◆ 작년 4Q 영업이익 356억원... 전년동기比 66%↑06일 하이트진로홀딩스(000140)는 작년 4분기 연결기준 영업이익이 356억원을 기록해 전년 동기 대비 66%  늘어난 것으로 집계됐다고 공시했다. 같은 기간 매출액은 19%  늘어난 5566억원을 기록했다.[표]하이트진로홀딩스 분기 실적* 4분기 실적은 연간실적 공시를 토대로 계산된 값임◆ 3년 중 최고 매출 달성, 영업이익은 직전 대비 -31%↓하이트진로홀딩스의 매출액은 최근 3년 중 가장 높은 실적을 기록했다. 이전 최고 매출액이었던 2019년 3분기보다도 5.7% 늘어난 것으로 나타났다.[그래프]하이트진로홀딩스 분기별 실적 추이◆ 매출액, 영업이익 증가율 경쟁사 대비 높은 편[표]하이트진로홀딩스 및 경쟁사 전년동기 대비 성장률◆ 실적 발표 직전 20일간, 기관 9.5만주 순매수, 주가 +6.3%기관 투자자들은 실적 발표 전, 20일 동안 하이트진로홀딩스의 주식 9.5만주를 순매수했다. 이 기간 동안 외국인은 -4.8만주를 순매도했고 개인도 -4.9만주를 순매도했다. 같은 기간 하이트진로홀딩스 주가는 6.3% 상승했다.[그래프]하이트진로홀딩스 실적발표 직전 투자자 동향한편, 하이트진로홀딩스는 최근에 아래와 같이 공시를 발표한 바 있다. &nbsp- 01/10 최대주주등의 소유주식변동(보통주(-10주))한경로보뉴스이 기사는 한국경제신문과 금융 AI 전문기업 씽크풀이 공동 개발한 기사 자동생성 알고리즘에 의해 실시간으로 작성된 것입니다.▶ 네이버에서 한국경제 뉴스를 받아보세요▶ 한경닷컴 바로가기  ▶ 모바일한경 구독신청 ⓒ 한국경제 & hankyung.com, 무단전재 및 재배포 금지",2020.02.06. 오후 2:57,0,0,0,0,0,
"'하이트진로홀딩스' 5% 이상 상승, 주가 상승 흐름, 단기 이평선 정배열, 중기 이평선 역배열",한국경제,https://news.naver.com/main/read.naver?mode=LSD&mid=sec&sid1=101&oid=015&aid=0004317993,"◆ 차트 분석- 주가 상승 흐름, 단기 이평선 정배열, 중기 이평선 역배열차트상 주가의 흐름은 중기 추세상으로는 역배열 구간에 있지만 단기적으로는 정배열 구간에서 상승흐름을 이어왔다.[그래프]하이트진로홀딩스 차트 분석◆ 주체별 매매동향- 외국인과 개인의 거래비중 높음, 각각 15.8%, 68.6% (최근한달)지난 한달을 기준으로 보면 기관이 6.4만주를 순매수한 반면, 외국인은 13.6만주를 순매도했고, 개인들도 1.3만주를 순매도했다. 같은 기간 이 종목의 거래비중은 외국인과 개인이 각각 15.8%, 68.6%로 비중이 높다.[그래프]하이트진로홀딩스 외국인/기관 매매동향한경로보뉴스이 기사는 한국경제신문과 금융 AI 전문기업 씽크풀이 공동 개발한 기사 자동생성 알고리즘에 의해 실시간으로 작성된 것입니다.▶ 네이버에서 한국경제 뉴스를 받아보세요▶ 한경닷컴 바로가기  ▶ 모바일한경 구독신청 ⓒ 한국경제 & hankyung.com, 무단전재 및 재배포 금지",2020.04.03. 오전 9:09,0,0,0,0,0,
"하이트진로홀딩스 장학사업, 7년간 800여명에 12억 후원",매일경제,https://news.naver.com/main/read.naver?mode=LSD&mid=sec&sid1=103&oid=009&aid=0004752922,"  하이트진로홀딩스(대표 김인규·사진)는 2015년부터 이어오고 있는 요식업 종사자 자녀 대상 장학사업을 올해는 휴·폐업 자영업자의 자녀로 대상을 확대하고 100여 명에게 총 1억5000만원의 장학금을 지원한다고 22일 밝혔다. 하이트진로홀딩스는 상생경영 및 사회환원활동의 일환으로, 영세 요식업 종사자의 자녀를 대상으로 장학사업을 진행해왔다. 2015년부터 7년간 800여 명의 장학생에 12억여 원을 후원했다. 올해는 코로나19로 경제적 어려움을 겪고 있는 휴·폐업 자영업자에게 도움을 주고자 대상을 확대해 장학생을 선발했다. [이호승 기자]▶ '경제 1위' 매일경제, 네이버에서 구독하세요▶ 이 제품은 '이렇게 만들죠' 영상으로 만나요▶ 부동산의 모든것 '매부리TV'가 펼칩니다[ⓒ 매일경제 & mk.co.kr, 무단전재 및 재배포 금지]",2021.02.22. 오후 5:39,2,1,0,0,0,2021.02.22. 오후 7:27
"'하이트진로홀딩스' 5% 이상 상승, 단기·중기 이평선 정배열로 상승세",한국경제,https://news.naver.com/main/read.naver?mode=LSD&mid=sec&sid1=101&oid=015&aid=0004351218,"◆ 차트 분석- 단기·중기 이평선 정배열로 상승세차트상 주가의 흐름은 현재 단기·중기 이평선이 정배열 상태로 상승세를 보이고 있다.이 종목의 차트에서 최근에 최근 5일 매물대 돌파 등을 확인할 수 있다[그래프]하이트진로홀딩스 차트 분석◆ 주체별 매매동향- 외국인과 개인의 거래비중 높음, 각각 12.6%, 77.8% (최근한달)지난 한달을 기준으로 보면 외국인이 7,495주를 순매수했고, 개인들도 7.8만주를 순매수했다. 하지만 기관은 4.9만주를 순매도했다. 같은 기간 이 종목의 거래비중은 외국인과 개인이 각각 12.6%, 77.8%로 비중이 높다.[그래프]하이트진로홀딩스 외국인/기관 매매동향한경로보뉴스이 기사는 한국경제신문과 금융 AI 전문기업 씽크풀이 공동 개발한 기사 자동생성 알고리즘에 의해 실시간으로 작성된 것입니다.▶ 네이버에서 한국경제 뉴스를 받아보세요▶ 한경닷컴 바로가기  ▶ 모바일한경 구독신청 ⓒ 한국경제 & hankyung.com, 무단전재 및 재배포 금지",2020.06.01. 오전 10:41,0,1,0,0,0,
"하이트진로홀딩스, 요식업 종사자 자녀 장학금 지원",매일경제,https://news.naver.com/main/read.naver?mode=LSD&mid=sec&sid1=103&oid=009&aid=0004543110,"하이트진로홀딩스가 요식업 종사자들의 대학생 자녀를 대상으로 장학사업을 이어간다. 하이트진로홀딩스는 서울 및 수도권 소재 대학에 재학 중인 요식업 종사자의 자녀를 대상으로 총 106명의 장학생을 선발했다고 24일 밝혔다. 성적, 가정형편, 장학금 필요성 등의 기준에 따라 선정했으며 이들에게는 연간 국·공립대 100만원, 사립대 150만원의 장학금을 지급할 예정이다. 2015년 시작된 하이트진로홀딩스의 장학금 지원사업은 올해로 6년째를 맞았다. 경제적 어려움을 꿋꿋히 견디고 있는 영세 요식업 가정과 상생하기 위해 약 700명에게 10억여원을 후원했다. 하이트진로홀딩스 관계자는 ""내일의 꿈을 이루기 위해 열심히 공부하는 학생들을 응원하고자 장학사업을 꾸준히 전개하고 있다""며 ""우리 사회의 인재인 학생들에게 작은 도움이 되길 바란다""고 말했다.[심희진 기자]▶네이버 메인에서 '매일경제'를 받아보세요▶뉴스레터 '매콤달콤' 구독 ▶'매일경제' 바로가기[ⓒ 매일경제 & mk.co.kr, 무단전재 및 재배포 금지]",2020.03.24. 오후 4:27,1,0,0,0,0,
"'하이트진로홀딩스' 5% 이상 상승, 전일 외국인 대량 순매수",한국경제,https://news.naver.com/main/read.naver?mode=LSD&mid=sec&sid1=101&oid=015&aid=0004361915,"◆ 주체별 매매동향- 전일 외국인 대량 순매수지난 한달을 기준으로 보면 외국인이 9.5만주를 순매수했고, 개인들도 6.3만주를 순매수했다. 하지만 기관은 5.3만주를 순매도했다. 같은 기간 이 종목의 거래비중은 외국인과 개인이 각각 14.5%, 74.2%로 비중이 높다.더욱이 전일 외국인이 대량 순매수를 하고 있어 투자자들의 관심이 집중되고 있다.[그래프]하이트진로홀딩스 외국인/기관 매매동향한경로보뉴스이 기사는 한국경제신문과 금융 AI 전문기업 씽크풀이 공동 개발한 기사 자동생성 알고리즘에 의해 실시간으로 작성된 것입니다.▶ 네이버에서 한국경제 뉴스를 받아보세요▶ 한경닷컴 바로가기  ▶ 모바일한경 구독신청 ⓒ 한국경제 & hankyung.com, 무단전재 및 재배포 금지",2020.06.17. 오전 9:45,0,1,0,0,1,
"'하이트진로홀딩스' 5% 이상 상승, 주가 반등 시도, 단기·중기 이평선 역배열",한국경제,https://news.naver.com/main/read.naver?mode=LSD&mid=sec&sid1=101&oid=015&aid=0004309782,"◆ 차트 분석- 주가 반등 시도, 단기·중기 이평선 역배열추세선으로 보면 단기·중기 역배열 구간에서 하락세가 이어지다가 오늘 반등의 모습을 보여주고 있다.최근 이 종목의 차트에서 최근 5일 매물대 돌파 등의 특이사항이 발생했다.[그래프]하이트진로홀딩스 차트 분석◆ 주체별 매매동향- 외국인 3일 연속 순매도(4.5만주)지난 한달을 기준으로 보면 기관이 8.6만주를 순매수했고, 개인들도 3.0만주를 순매수했다.  반면 그동안 외국인은 13.7만주를 순매도했다. 같은 기간 이 종목의 거래비중은 외국인과 개인이 각각 17.6%, 72.5%로 비중이 높다.한편 외국인은 이 종목에 대해서 최근 3일 연속 4.5만주 순매도를 하고 있다.[그래프]하이트진로홀딩스 외국인/기관 매매동향한경로보뉴스이 기사는 한국경제신문과 금융 AI 전문기업 씽크풀이 공동 개발한 기사 자동생성 알고리즘에 의해 실시간으로 작성된 것입니다.▶ 네이버에서 한국경제 뉴스를 받아보세요▶ 한경닷컴 바로가기  ▶ 모바일한경 구독신청 ⓒ 한국경제 & hankyung.com, 무단전재 및 재배포 금지",2020.03.20. 오전 9:13,0,1,0,0,0,
"'하이트진로홀딩스' 5% 이상 상승, 주가 5일 이평선 상회, 단기·중기 이평선 역배열",한국경제,https://news.naver.com/main/read.naver?mode=LSD&mid=sec&sid1=101&oid=015&aid=0004308459,"◆ 차트 분석- 주가 5일 이평선 상회, 단기·중기 이평선 역배열추세선으로 보면 단기와 중기 모두 역배열 구간에서 하락 추세를 이어오다가 반등하는 모습이다.이 종목의 차트에서 최근에 최근 5일 매물대 돌파, 주가 5MA 상향돌파, 단기급락 후 5MA 상향돌파 등을 확인할 수 있다[그래프]하이트진로홀딩스 차트 분석◆ 주체별 매매동향- 외국인과 개인의 거래비중 높음, 각각 17.5%, 73.3% (최근한달)지난 한달을 기준으로 보면 기관이 5.5만주를 순매수했고, 개인들도 4.0만주를 순매수했다.  반면 그동안 외국인은 11.6만주를 순매도했다. 같은 기간 이 종목의 거래비중은 외국인과 개인이 각각 17.5%, 73.3%로 비중이 높다.[그래프]하이트진로홀딩스 외국인/기관 매매동향한경로보뉴스이 기사는 한국경제신문과 금융 AI 전문기업 씽크풀이 공동 개발한 기사 자동생성 알고리즘에 의해 실시간으로 작성된 것입니다.▶ 네이버에서 한국경제 뉴스를 받아보세요▶ 한경닷컴 바로가기  ▶ 모바일한경 구독신청 ⓒ 한국경제 & hankyung.com, 무단전재 및 재배포 금지",2020.03.18. 오전 10:57,0,0,0,0,0,
"'하이트진로홀딩스' 5% 이상 상승, 최근 3일간 기관 대량 순매수",한국경제,https://news.naver.com/main/read.naver?mode=LSD&mid=sec&sid1=101&oid=015&aid=0004334368,"◆ 주체별 매매동향- 최근 3일간 기관 대량 순매수지난 한달을 기준으로 보면 기관이 3.2만주를 순매수했고, 개인들도 3,197주를 순매수했다.  반면 그동안 외국인은 3.6만주를 순매도했다. 같은 기간 이 종목의 거래 비중은 기관과 개인이 각각 10.6%, 68.3%로 비중이 높다.한편 기관은 이 종목에 대해서 최근 5일 연속 3.2만주 순매수를 하고 있다. 더욱이 최근 3일간 기관이 대량 순매수를 하고 있어 투자자들의 관심이 집중되고 있다.[그래프]하이트진로홀딩스 외국인/기관 매매동향한경로보뉴스이 기사는 한국경제신문과 금융 AI 전문기업 씽크풀이 공동 개발한 기사 자동생성 알고리즘에 의해 실시간으로 작성된 것입니다.▶ 네이버에서 한국경제 뉴스를 받아보세요▶ 한경닷컴 바로가기  ▶ 모바일한경 구독신청 ⓒ 한국경제 & hankyung.com, 무단전재 및 재배포 금지",2020.05.04. 오전 11:06,0,0,0,0,0,
"'하이트진로홀딩스' 5% 이상 상승, 2019.3Q, 매출액 5,267억(+5.8%), 영업이익 518억(+59.5%)",한국경제,https://news.naver.com/main/read.naver?mode=LSD&mid=sec&sid1=101&oid=015&aid=0004299992,"◆ 최근 분기 실적- 2019.3Q, 매출액 5,267억(+5.8%), 영업이익 518억(+59.5%)하이트진로홀딩스의 2019년 3사분기 매출액은 5,267억으로 전년동기 대비 5.8% 상승했고, 영업이익은 518억으로 전년동기 대비 59.5% 증가했다.이번 분기의 매출액은 지난 3년 중 최대 실적이고, 영업이익은 지난 3년 평균 분기 영업이익을 214% 상회하는 수준이다.이 회사의 매출액 증가율과 영업이익 증가율은 각각 코스피 상위 38%, 상위 26%에 랭킹되고 있다.[표]하이트진로홀딩스 분기실적한경로보뉴스이 기사는 한국경제신문과 금융 AI 전문기업 씽크풀이 공동 개발한 기사 자동생성 알고리즘에 의해 실시간으로 작성된 것입니다.▶ 네이버에서 한국경제 뉴스를 받아보세요▶ 한경닷컴 바로가기  ▶ 모바일한경 구독신청 ⓒ 한국경제 & hankyung.com, 무단전재 및 재배포 금지",2020.03.03. 오전 9:12,0,0,0,0,0,
"'하이트진로홀딩스' 52주 신고가 경신, 주가 조정 중, 단기·중기 이평선 정배열",한국경제,https://news.naver.com/main/read.naver?mode=LSD&mid=sec&sid1=101&oid=015&aid=0004278555,"◆ 차트 분석- 주가 조정 중, 단기·중기 이평선 정배열이 시간 차트의 흐름은 단기·중기 정배열 구간에서 상승세를 이어오다가 오늘 조정을 받는 모습이다.[그래프]하이트진로홀딩스 차트 분석◆ 최근 분기 실적- 2019.3Q, 매출액 5,267억(+5.8%), 영업이익 518억(+59.5%)하이트진로홀딩스의 2019년 3사분기 매출액은 5,267억으로 전년동기 대비 5.8% 상승했고, 영업이익은 518억으로 전년동기 대비 59.5% 증가했다.이번 분기의 매출액은 지난 3년 중 최대 실적이고, 영업이익은 지난 3년 평균 분기 영업이익을 214% 상회하는 수준이다.이 회사의 매출액 증가율과 영업이익 증가율은 각각 코스피 상위 38%, 상위 26%에 랭킹되고 있다.[표]하이트진로홀딩스 분기실적한경로보뉴스이 기사는 한국경제신문과 금융 AI 전문기업 씽크풀이 공동 개발한 기사 자동생성 알고리즘에 의해 실시간으로 작성된 것입니다.▶ 네이버에서 한국경제 뉴스를 받아보세요▶ 한경닷컴 바로가기  ▶ 모바일한경 구독신청 ⓒ 한국경제 & hankyung.com, 무단전재 및 재배포 금지",2020.01.23. 오후 3:34,0,0,0,0,0,
