title,press,url,content,publish_date,reaction_good,reaction_warm,reaction_sad,reaction_angry,reaction_want,modify_date
"KR모터스, 그린모빌리티 최대주주 등극",한국경제,https://news.naver.com/main/read.naver?mode=LSD&mid=sec&sid1=101&oid=015&aid=0004496245,"국내 이륜차 제조 전문회사인 KR모터스는 전기차 연구개발 및 생산 선두업체인 그린모빌리티 지분 취득을 통해 최대주주로 올라섰다고 8일 밝혔다.정부는 최근 한국판 그린 뉴딜에 2025년까지 37조원(국비 25조3000억원)의 사업비를 투자하기로 결정하고, 온실가스 및 미세먼지 감축, 친환경 미래 모빌리티인 전기이륜차에 대한 보조금 지원혜택을 강화하고 있다.이와 맞물려 급속하게 성장하는 전기이륜차 시장에서 관련 업계를 대표하는 두 업체가 손잡았다는 것은 앞으로 국내 전기오토바이 시장을 선도하는 것은 물론, 글로벌  시장에서도 기술력으로 앞서가는 계기가 됐다는 게 전기이륜차산업협회 관계자의 설명이다.그린모빌리티는 2012년 설립돼 전기오토바이 및 퍼스널모빌리티의 대중화를 목표로 지속적인 기술개발과 투자, 품질 및 생산성 향상에 주력해왔다. 2016년 12월에는 국내업체로는 최초로 환경부 전기이륜차 보조금 사업자로 지정됐다.전동모빌리티 분야의 차별화된 디자인 기술, 차량 설계 및 해석기술, IOT/ICT융합, 웹/앱 기반의 소셜플랫폼, 차량관리 SW기술 역량을 보유하고 있으며 특허 6건을 포함하여 28개의 지식재산권을 확보하여 전기이륜차, 전기삼륜차, 초소형 사륜차, 자율 배송차 업계에서 기술력을 높이 평가받고 있다. DGIST(대구경북과학기술원), 삼성벤처투자, 포스코기술투자, 중소기업진흥공단 등이 주주 및 투자자로 참여하고 있는 기업이다. KR모터스는 지난 40여년간 한국 이륜차 산업을 대표하는 회사다. 중국 제남시에 연 30만대 생산규모의 합자회사를 운영중에 있다. 내연기관 이륜차는 50cc부터 850cc까지 다양한 라인업을 보유하고 있고, 전기이륜차 개발관련 국책사업자로 2009년 지정돼 국내 최초로 전기이륜차를 양산, 관공서 및 지자체에 납품을 해왔으며 전국 1100여개의 유통망 및 유럽, 미국, 동남아, 남미 등 해외 거래처를 확보하고 있다. KR모터스 관계자는 ""전기 이륜차 12개 모델라인업을 갖춘 업계 4위 그린모빌리티 인수를 계기로 미래 모빌리티 산업의 다양한 경쟁력을 확보하게 됐다""며 ""기존 내연기관 오토바이 사업은 중국합자회사에서 생산하여 국내외 판매에 주력하고, 한국의 KR모터스는 전기차(이륜 등) 연구개발(R&D), 생산, 국내 및 해외 판매 등 미래 모빌리티 사업에 집중할 예정""이라고 했다.이송렬 한경닷컴 기자 yisr0203@hankyung.com▶ 경제지 네이버 구독 첫 400만, 한국경제 받아보세요▶ 한경 고품격 뉴스레터, 원클릭으로 구독하세요▶ 한국경제신문과 WSJ, 모바일한경으로 보세요 ⓒ 한국경제 & hankyung.com, 무단전재 및 재배포 금지",2021.02.08. 오전 8:38,5,0,0,0,0,
[유가증권 기업공시] (7일) KR모터스 등,한국경제,https://news.naver.com/main/read.naver?mode=LSD&mid=sec&sid1=101&oid=015&aid=0004428319,"▲KR모터스=사업경쟁력 강화 위해 100% 자회사 KR글로벌네트웍스 합병 결정.▲영진약품=일본 마일란 세이야쿠와 122억원 규모 세파계 항생제 완제의약품 공급계약 체결.▲대우건설=2725억원 규모 인천 검단3구역9블록1로트 공동주택 신축사업 수주.▶ #믿고 보는 #기자 '한경 기자 코너'▶ 네이버에서 한국경제 뉴스를 받아보세요▶ 모바일한경 구독신청 ⓒ 한국경제 & hankyung.com, 무단전재 및 재배포 금지",2020.10.08. 오전 3:36,2,0,0,3,1,
"'KR모터스' 5% 이상 상승, 주가 상승 중, 단기간 골든크로스 형성",한국경제,https://news.naver.com/main/read.naver?mode=LSD&mid=sec&sid1=101&oid=015&aid=0004380616,"◆ 차트 분석- 주가 상승 중, 단기간 골든크로스 형성추세선으로 보면 단기간에 골든크로스를 만들고 주가가 60일선까지 뚫고 가는 모습이다.최근 이 종목의 차트에서 최근 60일 매물대 돌파 등의 특이사항이 발생했다.[그래프]KR모터스 차트 분석◆ 기업개요KR모터스는 이륜차 전문 제조업체로 알려져 있다.한경로보뉴스이 기사는 한국경제신문과 금융 AI 전문기업 씽크풀이 공동 개발한 기사 자동생성 알고리즘에 의해 실시간으로 작성된 것입니다.▶ 네이버에서 한국경제 뉴스를 받아보세요▶ 한경닷컴 바로가기  ▶ 모바일한경 구독신청 ⓒ 한국경제 & hankyung.com, 무단전재 및 재배포 금지",2020.07.15. 오전 9:24,1,0,0,2,0,
"'KR모터스' 5% 이상 상승, 주가 상승 흐름, 단기 이평선 정배열, 중기 이평선 역배열",한국경제,https://news.naver.com/main/read.naver?mode=LSD&mid=sec&sid1=101&oid=015&aid=0004377925,"◆ 차트 분석- 주가 상승 흐름, 단기 이평선 정배열, 중기 이평선 역배열추세선으로 보면 중기 추세상으로는 역배열 구간에 있지만 단기적으로는 정배열 구간에서 상승흐름을 이어왔다.최근 이 종목의 차트에서 최근 5일 매물대 돌파 등의 특이사항이 발생했다.[그래프]KR모터스 차트 분석◆ 주체별 매매동향- 전일 외국인 대량 순매도지난 한달을 기준으로 보면 외국인이 3.7만주를 순매도했고, 기관도 20.9만주를 순매도했다.  개인들 또한 9.5만주를 팔아치운 것으로 나타났다.  같은 기간 이 종목의 거래비중은 외국인과 개인이 각각 15.4%, 80.4%로 비중이 높다.한편 외국인은 이 종목에 대해서 최근 5일 연속 30.1만주 순매도를 하고 있다. 더욱이 전일 외국인이 대량 순매도를 하고 있어 투자자들의 관심이 집중되고 있다.[그래프]KR모터스 외국인/기관 매매동향한경로보뉴스이 기사는 한국경제신문과 금융 AI 전문기업 씽크풀이 공동 개발한 기사 자동생성 알고리즘에 의해 실시간으로 작성된 것입니다.▶ 네이버에서 한국경제 뉴스를 받아보세요▶ 한경닷컴 바로가기  ▶ 모바일한경 구독신청 ⓒ 한국경제 & hankyung.com, 무단전재 및 재배포 금지",2020.07.10. 오후 1:31,0,0,0,0,0,
"'KR모터스' 5% 이상 상승, 주가 상승 흐름, 단기 이평선 정배열, 중기 이평선 역배열",한국경제,https://news.naver.com/main/read.naver?mode=LSD&mid=sec&sid1=101&oid=015&aid=0004375141,"◆ 차트 분석- 주가 상승 흐름, 단기 이평선 정배열, 중기 이평선 역배열추세선으로 보면 중기 추세상으로는 역배열 구간에 있지만 단기적으로는 정배열 구간에서 상승흐름을 이어왔다.[그래프]KR모터스 차트 분석◆ 기업개요KR모터스는 이륜차 전문 제조업체로 알려져 있다.한경로보뉴스이 기사는 한국경제신문과 금융 AI 전문기업 씽크풀이 공동 개발한 기사 자동생성 알고리즘에 의해 실시간으로 작성된 것입니다.▶ 네이버에서 한국경제 뉴스를 받아보세요▶ 한경닷컴 바로가기  ▶ 모바일한경 구독신청 ⓒ 한국경제 & hankyung.com, 무단전재 및 재배포 금지",2020.07.07. 오전 9:48,0,0,0,0,0,
"'KR모터스' 5% 이상 상승, 주가 5일 이평선 상회, 단기·중기 이평선 역배열",한국경제,https://news.naver.com/main/read.naver?mode=LSD&mid=sec&sid1=101&oid=015&aid=0004372250,"◆ 차트 분석- 주가 5일 이평선 상회, 단기·중기 이평선 역배열추세선으로 보면 단기와 중기 모두 역배열 구간에서 하락 추세를 이어오다가 반등하는 모습이다.최근 이 종목의 차트에서 주가 5MA 상향돌파 등의 특이사항이 발생했다.[그래프]KR모터스 차트 분석◆ 기업개요KR모터스는 이륜차 전문 제조업체로 알려져 있다.한경로보뉴스이 기사는 한국경제신문과 금융 AI 전문기업 씽크풀이 공동 개발한 기사 자동생성 알고리즘에 의해 실시간으로 작성된 것입니다.▶ 네이버에서 한국경제 뉴스를 받아보세요▶ 한경닷컴 바로가기  ▶ 모바일한경 구독신청 ⓒ 한국경제 & hankyung.com, 무단전재 및 재배포 금지",2020.07.02. 오전 9:40,0,0,0,0,0,
"'KR모터스' 5% 이상 상승, 주가 5일 이평선 상회, 단기·중기 이평선 역배열",한국경제,https://news.naver.com/main/read.naver?mode=LSD&mid=sec&sid1=101&oid=015&aid=0004370630,"◆ 차트 분석- 주가 5일 이평선 상회, 단기·중기 이평선 역배열일봉 차트의 모습은 단기와 중기 모두 역배열 구간에서 하락 추세를 이어오다가 반등하는 모습이다.최근 이 종목의 차트에서 삼선전환도(양전환), 주가 5MA 상향돌파 등의 특이사항이 발생했다.[그래프]KR모터스 차트 분석◆ Valuation- 전일 종가 기준 PER 마이너스, PBR 1.6배당기순이익 적자로 인해 이 종목의 PER는 마이너스이고, PBR은 1.6배이다. PER는 마이너스라서 운수장비업종의 평균 PER 23.8배 대비 -25.3배 낮은 수준이고, PBR은 운수장비업종의 평균 PBR 0.7배 대비 +0.9배 높은 수준으로 업종 내에서 상위 13%에 위치한다.[표]KR모터스 Valuation한경로보뉴스이 기사는 한국경제신문과 금융 AI 전문기업 씽크풀이 공동 개발한 기사 자동생성 알고리즘에 의해 실시간으로 작성된 것입니다.▶ 네이버에서 한국경제 뉴스를 받아보세요▶ 한경닷컴 바로가기  ▶ 모바일한경 구독신청 ⓒ 한국경제 & hankyung.com, 무단전재 및 재배포 금지",2020.06.30. 오전 10:04,0,0,0,0,0,
"'KR모터스' 5% 이상 상승, 전일 외국인 대량 순매수",한국경제,https://news.naver.com/main/read.naver?mode=LSD&mid=sec&sid1=101&oid=015&aid=0004379129,"◆ 주체별 매매동향- 전일 외국인 대량 순매수지난 한달을 기준으로 보면 외국인이 8.7만주를 순매수했고, 기관도 19.4만주를 순매수했다. 반면 개인들은 70.0만주를 순매도한 것으로 나타났다. 같은 기간 이 종목의 거래비중은 외국인과 개인이 각각 13.8%, 81.3%로 비중이 높다.더욱이 전일 외국인이 대량 순매수를 하고 있어 투자자들의 관심이 집중되고 있다.[그래프]KR모터스 외국인/기관 매매동향한경로보뉴스이 기사는 한국경제신문과 금융 AI 전문기업 씽크풀이 공동 개발한 기사 자동생성 알고리즘에 의해 실시간으로 작성된 것입니다.▶ 네이버에서 한국경제 뉴스를 받아보세요▶ 한경닷컴 바로가기  ▶ 모바일한경 구독신청 ⓒ 한국경제 & hankyung.com, 무단전재 및 재배포 금지",2020.07.13. 오후 12:39,0,0,0,0,0,
"KR모터스, 유상증자 청약률 100%…일반공모 경쟁률 204대 1",매일경제,https://news.naver.com/main/read.naver?mode=LSD&mid=sec&sid1=101&oid=009&aid=0004570998,"KR모터스는 지난 6~7일 일반공모 청약을 진행한 결과 204대 1의 경쟁률을 보였다고 8일 밝혔다.KR모터스는 지난 주주배정 유상증자에서 3635만8269주에 청약률 82.07%를 기록했다. 이번 일반공모 청약에서는 46억원 규모의 청약에 9564억원이 몰려 204대 1의 경쟁률을 기록했다. KR모터스는 이번 유상증자를 성공적으로 진행함에 따라 안정적인 운영자금을 확보하게 되었다. 회사 관계자는 ""회사의 성장성을 믿어 주신 투자자분들에게 감사드린다""며 ""이번증자를 통해 조달되는 자금으로 KR모터스의 재도약을 위해 노력해 투자자분들의 기대에 부응하는 회사가 되도록 최선을 다할 것""이라고 말했다.[디지털뉴스국 김경택 기자]▶네이버 메인에서 '매일경제'를 받아보세요▶뉴스레터 '매콤달콤' 구독 ▶'매일경제' 바로가기[ⓒ 매일경제 & mk.co.kr, 무단전재 및 재배포 금지]",2020.05.08. 오전 11:25,11,0,0,3,1,
"'KR모터스' 5% 이상 상승, 전일 외국인 대량 순매수",한국경제,https://news.naver.com/main/read.naver?mode=LSD&mid=sec&sid1=101&oid=015&aid=0004365666,"◆ 주체별 매매동향- 전일 외국인 대량 순매수지난 한달을 기준으로 보면 외국인이 42.5만주를 순매수한 반면, 기관은 30.6만주를 순매도했고, 개인들도 12.5만주를 순매도한 것으로 집계됐다. 같은 기간 이 종목의 거래비중은 외국인과 개인이 각각 14.2%, 83.6%로 비중이 높다.더욱이 전일 외국인이 대량 순매수를 하고 있어 투자자들의 관심이 집중되고 있다.[그래프]KR모터스 외국인/기관 매매동향한경로보뉴스이 기사는 한국경제신문과 금융 AI 전문기업 씽크풀이 공동 개발한 기사 자동생성 알고리즘에 의해 실시간으로 작성된 것입니다.▶ 네이버에서 한국경제 뉴스를 받아보세요▶ 한경닷컴 바로가기  ▶ 모바일한경 구독신청 ⓒ 한국경제 & hankyung.com, 무단전재 및 재배포 금지",2020.06.23. 오전 9:26,0,0,0,0,0,
"'KR모터스' 5% 이상 상승, 단기·중기 이평선 정배열로 상승세",한국경제,https://news.naver.com/main/read.naver?mode=LSD&mid=sec&sid1=101&oid=015&aid=0004344723,"◆ 차트 분석- 단기·중기 이평선 정배열로 상승세차트상 주가의 흐름은 현재 단기·중기 이평선이 정배열 상태로 상승세를 보이고 있다.[그래프]KR모터스 차트 분석◆ 주체별 매매동향- 전일 외국인 대량 순매수지난 한달을 기준으로 보면 외국인이 48.8만주를 순매수했고, 기관도 3.1만주를 순매수했다. 반면 개인들은 52.1만주를 순매도한 것으로 나타났다. 같은 기간 이 종목의 거래비중은 외국인과 개인이 각각 10.8%, 87.3%로 비중이 높다.더욱이 전일 외국인이 대량 순매수를 하고 있어 투자자들의 관심이 집중되고 있다.[그래프]KR모터스 외국인/기관 매매동향한경로보뉴스이 기사는 한국경제신문과 금융 AI 전문기업 씽크풀이 공동 개발한 기사 자동생성 알고리즘에 의해 실시간으로 작성된 것입니다.▶ 네이버에서 한국경제 뉴스를 받아보세요▶ 한경닷컴 바로가기  ▶ 모바일한경 구독신청 ⓒ 한국경제 & hankyung.com, 무단전재 및 재배포 금지",2020.05.21. 오전 9:11,1,0,0,0,0,
"KR모터스, 1분기 영업이익 4억원…흑자전환",매일경제,https://news.naver.com/main/read.naver?mode=LSD&mid=sec&sid1=101&oid=009&aid=0004562515,"국내 이륜차 전문회사 KR모터스가 실적개선을 통해 올 1분기 영업이익이 흑자전환에 성공했다. KR모터스는 올 1분기 연결 영업이익이 4억원을 기록해 전년 동기 대비 흑자로 올라섰다고 23일 공시했다.같은 기간 매출액은 286억원으로 3.9% 증가했으나 순손실은 8억원으로 적자를 지속했다. 코로나19 사태에도 불구하고 2016년 3분기 이후 14분기만에 흑자를 달성했다.이번 흑자전환은 중국 합자법인(이하 중국 JV) 의 생산공장이 본격 가동되면서 품질 및 가격경쟁력을 확보한 것이 주효했고, 국내에서는 이익이 나지않는 모델 정리, 구조조정 및 부서통폐합 등 경영효율화를 거쳐 수익성을 높인 것에서 기인한다고 회사 측은 설명했다. KR모터스 관계자는 ""중국 JV가 코로나19의 영향으로 공장이 정상가동되지 않고도 달성한 흑자전환이라 더욱 의미가 크다""면서 ""중국의 코로나 확진자가 크게 줄어가며 빠르게 사회가 정상화되고 있고 국내 또한 수익성향상을 위한 체질개선이 완료된 상태라 앞으로의 더 나은 실적이 기대된다""고 말했다.[디지털뉴스국 김경택 기자]▶네이버 메인에서 '매일경제'를 받아보세요▶뉴스레터 '매콤달콤' 구독 ▶'매일경제' 바로가기[ⓒ 매일경제 & mk.co.kr, 무단전재 및 재배포 금지]",2020.04.23. 오후 1:35,7,0,0,0,0,
"KR모터스 中 JV, 해외수출 확대 및 지역 다변화 추진",매일경제,https://news.naver.com/main/read.naver?mode=LSD&mid=sec&sid1=101&oid=009&aid=0004548574,"KR모터스는 중국 자회사 제남칭치대한오토바이(이하 중국 JV)가 중국 강문칭치화남오토바이유한회사(JINAN QINGQI KR MOTORCYCLE)(이하 강문칭치)의 지분 100%를 77억원에 취득했다고 1일 밝혔다.KR모터스는 이번 인수로 중국 내 생산기지 확대를 통한 원가 경쟁력을 추가로 확보하고, 중남미·아프리카·중동 지역 등으로 지역 다변화를 통해 해외 수출을 확대한다는 전략이다.  강문칭치는 중국 남방그룹 산하의 오토바이 생산 전문업체다. 2004년 설립됐으며 연간 10만대 규모의 생산설비를 갖추고 있다. 판매량의 90% 이상을 중남미, 아프리카 등 해외로 수출하는 오토바이 수출 전문 회사다. 작년 매출은 251억원, 순이익은 11억원으로 흑자 경영을 하고 있다. KR모터스는 기존 중국JV인 제남칭치 공장에서 프리미엄급 오토바이 생산 및 머큐리(Mercury)사의 엔진 관련 부품을 생산하고, 강문칭치 공장에서는 주로 수출용 이코노미급 오토바이를 생산해 생산 전문성과 효율성을 강화한다는 계획이다. 회사 관계자는 ""이번 강문칭치 인수를 통해 중국JV의 수출 다변화와 재무구조에 기여할 것""이라면서 ""이에 따라 올해 KR모터스의 본격적인 턴어라운드를 기대하고 있다""고 말했다.[디지털뉴스국 김경택 기자]▶네이버 메인에서 '매일경제'를 받아보세요▶뉴스레터 '매콤달콤' 구독 ▶'매일경제' 바로가기[ⓒ 매일경제 & mk.co.kr, 무단전재 및 재배포 금지]",2020.04.01. 오후 1:33,6,0,0,0,0,
"KR모터스, 오세영 회장 지분 추가 취득",매일경제,https://news.naver.com/main/read.naver?mode=LSD&mid=sec&sid1=101&oid=009&aid=0004534838,"KR모터스는 오세영 회장이 자사주 718만8418주(지분율 15.2%)를 추가로 취득했다고 12일 공시했다. 이에 따라 오세영 회장 지분율은 21.5%로 늘어났다. 앞서 오세영 회장은 보유하던 주식을 2017년 5월과 올해 초 두 차례에 걸쳐 673만4051주를 직원 퇴직위로금으로 증여했다. 지분율이 6.3%로 줄어든 이후 이번에 추가로 지분을 취득한 것이다. 이번 지분 취득은 KR모터스의 2대주주인 SIB의 만기도래 채무를 오세영 회장이 대신 변제하고 SIB가 담보로 제공했던 주식을 취득한 것으로 KR모터스의 주주가치 제고 및 책임경영의 일환으로 해석된다.KR모터스는 2020년을 턴어라운드의 원년으로 삼고 창원공장의 구조조정을 통한 수익구조 개선을 이미 완료했다. 작년 5월 가동을 시작한 중국 합작법인(JV) 생산 모델의 내수 판매 및 수출 확대, 중국 장안자동차와 전기트럭 개발, 바로고와 이륜차 플랫폼 개발 합작사 설립 등을 통해 매출 증대와 수익성 확보라는 두 가지 목표를 달성하겠다는 계획이다. [디지털뉴스국 김경택 기자]▶'M코인' 지금 가입하면 5000코인 드려요▶네이버 메인에서 '매일경제'를 받아보세요 ▶뉴스레터 '매콤달콤' 구독[ⓒ 매일경제 & mk.co.kr, 무단전재 및 재배포 금지]",2020.03.12. 오전 8:37,6,1,0,3,0,
"'KR모터스' 5% 이상 상승, 전일 외국인 대량 순매도",한국경제,https://news.naver.com/main/read.naver?mode=LSD&mid=sec&sid1=101&oid=015&aid=0004344022,"◆ 주체별 매매동향- 전일 외국인 대량 순매도지난 한달을 기준으로 보면 외국인이 46.3만주를 순매수했고, 기관도 4.3만주를 순매수했다. 반면 개인들은 54.7만주를 순매도한 것으로 나타났다. 같은 기간 이 종목의 거래비중은 외국인과 개인이 각각 10.6%, 87.7%로 비중이 높다.한편 기관은 이 종목에 대해서 최근 3일 연속 4.3만주 순매수를 하고 있다. 더욱이 전일 외국인이 대량 순매도를 하고 있어 투자자들의 관심이 집중되고 있다.[그래프]KR모터스 외국인/기관 매매동향한경로보뉴스이 기사는 한국경제신문과 금융 AI 전문기업 씽크풀이 공동 개발한 기사 자동생성 알고리즘에 의해 실시간으로 작성된 것입니다.▶ 네이버에서 한국경제 뉴스를 받아보세요▶ 한경닷컴 바로가기  ▶ 모바일한경 구독신청 ⓒ 한국경제 & hankyung.com, 무단전재 및 재배포 금지",2020.05.20. 오전 10:33,0,0,0,0,0,
"'KR모터스' 5% 이상 상승, 전일 외국인 대량 순매수",한국경제,https://news.naver.com/main/read.naver?mode=LSD&mid=sec&sid1=101&oid=015&aid=0004343064,"◆ 주체별 매매동향- 전일 외국인 대량 순매수지난 한달을 기준으로 보면 외국인이 68.4만주를 순매수했고, 기관도 4.2만주를 순매수했다. 반면 개인들은 72.1만주를 순매도한 것으로 나타났다. 같은 기간 이 종목의 거래비중은 외국인과 개인이 각각 10.7%, 87.6%로 비중이 높다.더욱이 전일 외국인이 대량 순매수를 하고 있어 투자자들의 관심이 집중되고 있다.[그래프]KR모터스 외국인/기관 매매동향한경로보뉴스이 기사는 한국경제신문과 금융 AI 전문기업 씽크풀이 공동 개발한 기사 자동생성 알고리즘에 의해 실시간으로 작성된 것입니다.▶ 네이버에서 한국경제 뉴스를 받아보세요▶ 한경닷컴 바로가기  ▶ 모바일한경 구독신청 ⓒ 한국경제 & hankyung.com, 무단전재 및 재배포 금지",2020.05.19. 오전 9:05,0,0,0,0,0,
"KR모터스 ""유럽서 GV300S 모델 호평…수출 본격화""",매일경제,https://news.naver.com/main/read.naver?mode=LSD&mid=sec&sid1=101&oid=009&aid=0004523236,"KR모터스는 중국 합작법인(JV)에서 생산한 GV300S 모델이 유럽에서 호평을 받으면서 본격적인 수출이 진행되고 있다고 24일 밝혔다. 회사 측에 따르면 GV300S 모델은 지난 1월 벨기에 브뤼셀에서 열린 '2020 벨기에 브뤼셀 자동차 전시회'에 출품해 큰 반향을 일으킨 바 있다.KR모터스는 이 전시회에 중국 JV에서 생산한 모델들을 출품했다. 특히 GV300S 모델이 여러 국가에서 참석한 바이어들로부터 디자인 및 성능 뿐만 아니라 경쟁력있는 가격으로 큰 관심을 받아 구매 상담을 진행하면서 유럽시장 확대에 긍정적인 기대를 받았다. GV300S는 중국내 레저 오토바이 수요 증가에 맞춰 일반화돼 있지 않던 크루져 모델을 작년 9월 중국 시장에 론칭해 현재까지 2500대가 판매됐다.회사 관계자는 ""GV300S는 이달 말부터 프랑스, 스페인, 태국 등지로 400여대가 수출되고 GV125S는 내달 초 영국, 독일, 스페인으로 530대가 수출될 예정""이라며 ""중국 제남시에 위치한 JV의 생산공장은 지난 10일부터 공장을 가동하고 있으며 부품 공급 등 생산 측면에서 코로나19의 영향을 크게 받고 있지는 않다""고 말했다.[디지털뉴스국 김경택 기자]▶기사공유하고 코인적립하세요 'M코인'▶네이버 메인에서 '매일경제'를 받아보세요 ▶뉴스레터 '매콤달콤' 구독[ⓒ 매일경제 & mk.co.kr, 무단전재 및 재배포 금지]",2020.02.24. 오전 8:20,1,0,0,0,0,
[마켓인사이트] 매출 300% 급증한 KR모터스…영업적자는 그대로,한국경제,https://news.naver.com/main/read.naver?mode=LSD&mid=sec&sid1=101&oid=015&aid=0004270602,"이 종목에 무슨 일이中 합작법인 수출 늘었지만만성적인 재무구조 악화 여전감자 이어 유상증자 추진▶마켓인사이트 1월 8일 오후 3시 59분‘미라쥬’(사진) 시리즈 등 이륜차를 생산하는 KR모터스가 국내 사업을 사실상 포기하고 중국 시장에 역량을 집중하는 방식으로 경영난 극복에 안간힘을 쓰고 있다. 해외 브랜드 제품의 국내 시장 점유율 확대 등으로 내수 시장에서는 적자 구조를 되돌리기 어렵다고 판단해서다.8일 KR모터스에 따르면 회사 매출은 작년 1~9월 959억원으로 2018년 같은 기간 236억원 대비 306% 급증했다. 중국 합작법인(지난칭치대한오토바이)의 지난시 공장이 2019년 5월부터 가동에 들어가면서 수출 실적이 기존 83억원에서 838억원으로 증가한 결과다. KR모터스는 2016년 중국 충칭난팡이륜차와 5 대 5 합작으로 지난칭치대한오토바이를 설립했다.매출은 급증했지만 이익 개선은 좀체 이뤄지지 않고 있다. 같은 기간 영업손실은 91억원을 기록했다. 전년 동기 95억원의 영업손실보다 적자 폭이 4억원 정도 줄었다. 다만 매출 대비 영업손실률은 9.5%로 2018년 44.5%에 비해 대폭 줄었다.중국 사업 집중을 통해 경영 정상화를 추진하고 있는 KR모터스는 국내 사업을 최소화하기로 했다. 지난 7일 공시한 유상증자 증권신고서에서 “국내 법인은 이륜차 생산 자격을 유지할 수 있을 정도의 최소 인력 수준으로 줄이고, 합작법인 생산은 확대할 계획”이라고 밝혔다. KR모터스는 직원 수를 2015년 225명에서 지난해 9월 말 106명으로 줄였다.나빠진 재무구조는 대규모 유상증자를 통해 개선한다는 계획이다. KR모터스는 작년 11월 4 대 1의 무상감자 및 유상증자 계획을 동시에 발표했다. 유상증자는 오는 4월을 목표로 500억원 규모로 추진하고 있다. 작년 9월 말 현재 회사의 자기자본은 576억원으로 납입자본금 947억원의 40% 정도를 까먹은 상태다.중고자동차 시장으로 사업 다각화도 추진하고 있다. 2018년부터 사륜 중고차를 매입해 캄보디아 등으로 수출하는 신규 사업을 시작했다. 관련 매출은 작년 1~9월 217억원으로 2018년 연간 84억원 대비 크게 불어났다. 영업이익은 작년 1~9월 15억원 흑자를 냈다.KR모터스는 2017년 7월 경쟁사인 대림자동차공업의 이륜차 사업 인수 계약을 맺으며 경영난 타개를 시도했으나 대림 노조 측 반발과 내부 사정으로 최종 인수에 실패했다. 인수 발표 당시 주당 1000원을 웃돌았던 주가는 최근 감자 발표 등으로 200원대로 떨어졌다.이날은 4원(1.51%) 떨어진 261원에 장을 마쳤다. 지난해 9월 말 기준 대림과 KR모터스의 국내 이륜차시장 점유율은 각각 20.4%와 5.1%다.이태호 기자 thlee@hankyung.com▶ 네이버에서 한국경제 뉴스를 받아보세요▶ 한경닷컴 바로가기  ▶ 모바일한경 구독신청 ⓒ 한국경제 & hankyung.com, 무단전재 및 재배포 금지",2020.01.08. 오후 6:08,1,0,3,3,0,2020.01.09. 오전 12:59
"KR모터스, 전기 이륜차 개발 및 판매사업 본격 추진",매일경제,https://news.naver.com/main/read.naver?mode=LSD&mid=sec&sid1=101&oid=009&aid=0004485246,"KR모터스는 지난 17일 전기 이륜차 핵심기술 중의 하나인 전기 이륜차 모터 구동 시스템을 현대케피코로부터 공급받는 계약을 체결했다고 19일 밝혔다. 이번 공급계약으로 KR모터스는 현대케피코의 차량제어기(VCU), 구동모터제어기(MCU), 구동모터, 전력변환기(DC-DC컨버터), 전동식 워터펌프(EWP)등을 탑재해 높은 수준의 전기 이륜차를 개발할 수 있게 됐다. 양사는 고객 수요에 대응하기 위한 경쟁력 있는 시스템 패키지 공급과 이륜 전기차 판매 확대에 대한 전략적 협업을 추진할 계획이다. KR모터스 관계자는 ""국내뿐만 아니라 아세안 지역에서의 전기 이륜차 수요가 급격히 증가할 것으로 기대되는 상황에서 이번 공급계약을 통해 전기 이륜차의 핵심기술을 확보했다는 데 의미가 있다""며 ""KR모터스가 갖고 있는 동남아 시장에서의 경험과 판매 네크워크를 활용해 시장을 선점할 계획""이라고 말했다.[디지털뉴스국 김경택 기자]▶기사공유하고 코인적립하세요 'M코인'▶네이버 메인에서 '매일경제'를 받아보세요 ▶뉴스레터 '매콤달콤' 구독[ⓒ 매일경제 & mk.co.kr, 무단전재 및 재배포 금지]",2019.12.19. 오전 9:48,6,0,0,1,1,
[유가증권 메모] (19일) 변경상장=KR모터스(주식병합),한국경제,https://news.naver.com/main/read.naver?mode=LSD&mid=sec&sid1=101&oid=015&aid=0004292625,"◇변경상장=KR모터스(주식병합)▶ 네이버에서 한국경제 뉴스를 받아보세요▶ 한경닷컴 바로가기  ▶ 모바일한경 구독신청 ⓒ 한국경제 & hankyung.com, 무단전재 및 재배포 금지",2020.02.19. 오전 3:30,1,0,1,0,0,
