title,press,url,content,publish_date,modify_date,reaction_good,reaction_warm,reaction_sad,reaction_angry,reaction_want
"CJ대한통운 ""상반기 해외직구 653만개 처리…2.5배 증가""",중앙일보,https://news.naver.com/main/read.naver?mode=LSD&mid=sec&sid1=101&oid=025&aid=0003121863,"  인천국제공항 자유무역단지에 위치한 해외직구 화물 전담센터인 CJ대한통운 ICC센터에서 해외직구 화물의 발송준비 작업이 진행되고 있다. [사진 CJ대한통운]       CJ대한통운은 올해 상반기 취급한 해외 직구 물량이 총 653만 상자로, 지난해 같은 기간보다 2.5배 늘었다고 27일 밝혔다.      해외 직구는 국내 소비자가 해외 온라인쇼핑몰이나 구매대행업체를 통해 직접 상품을 구매하는 것을 의미한다. 해외 직구 상품은 해당 판매처와 계약을 맺은 국제물류 전문업체의 현지 운송 및 통관, 항공 운송, 국내 통관, 국내 택배를 거쳐 소비자에게 배송된다.      CJ대한통운에 따르면 해외 직구를 통해 국내에 반입되는 상품은 주로 건강기능식품, 의류, 가전제품, 액세서리 등이었다. 특히 비타민, 건강보조제, 건강기능식품의 경우 이 기간 약 40%가량 취급 물량이 늘었다. 가전제품, 의류 등도 소폭 증가했다.        소비자들은 주로 미국(약 90%)에서 해외 직구 상품을 주문하는 것으로 나타났다. 중국 해외 직구 상품은 전체의 5%, 일본은 2%에 불과했다. CJ대한통운 측은 “신종 코로나바이러스 감염증(코로나19) 확산으로 면역력과 건강 등에 관한 관심이 높아지면서 건강 관련 품목의 주문이 증가하고, 해외여행이 어려워지면서 온라인을 통한 구매도 는 것으로 풀이된다”고 했다.      CJ대한통운은 국내-해외 또는 해외 국가 간 전자상거래 상품에 대한 풀필먼트 서비스를 제공하고 있다. 해외 직구의 경우 해외 현지 상품 집하부터 국내 택배 배송까지 전 과정 또는 고객사가 필요로 하는 과정을 제공한다. CJ대한통운은 인천국제공항 자유무역단지 내에 해외 직구 화물을 전담하는 약 3만㎡ 규모의 센터를 두고 있기도 하다. 센터엔 자체 통관을 위한 고속 엑스레이 기기와 크로스벨트 타입 자동화물 분류기 등 첨단 물류시설이 배치돼 있다. 당일 통관율은 99% 이상이다.   ",2021.07.27. 오전 10:45,2021.07.27. 오전 10:55,0,0,0,0,0
CJ대한통운 이용한 해외직구…상반기 2.5배 늘어 653만상자,매일경제,https://news.naver.com/main/read.naver?mode=LSD&mid=sec&sid1=101&oid=009&aid=0004829950,"인천국제공항 자유무역단지에 위치한 해외직구 화물 전담센터인 CJ대한통운 ICC센터에서 해외직구 화물의 발송준비 작업이 진행되고 있다. [사진 제공 = CJ대한통운] 국내 소비자가 해외 온라인 쇼핑몰이나 구매 대행 업체를 통해 직접 상품을 구입해 들여오는 해외직구 물량이 급증한 것으로 나타났다.CJ대한통운은 올해 상반기 취급한 해외직구 물량이 지난해 상반기 대비 2.5배 증가했다고 27일 밝혔다. 올해 1월부터 6월까지 취급한 해외직구 물량은 653만상자로, 지난해 같은 기간 266만상자보다 2.5배가량 늘었다. CJ대한통운은 건강에 대한 관심 증가와 해외여행 중단, 차별화된 해외직구 서비스 운영 역량에 의한 신규 고객 증가 등이 영향을 미친 것으로 분석했다.가장 증가폭이 큰 것은 비타민, 건강보조제, 건강기능식품 등 건강과 관련된 품목들로 지난해 같은 기간보다 약 40% 증가했다. 가전제품, 의류 등 코로나19 확산 이전부터 많이 반입된 품목들도 소폭 증가했다.  [강민호 기자]",2021.07.27. 오후 2:52,2021.07.27. 오후 4:51,0,0,0,0,0
"""쌓여있는 박스만 10만개""…택배 블랙홀 CJ대한통운 수정터미널에 무슨 일이?",매일경제언론사 선정,https://news.naver.com/main/read.naver?mode=LSD&mid=sec&sid1=103&oid=009&aid=0004823834,"성남 수정구 중원구 택배대란대리점 기사 갈등 지속에14일째 배송 차질 빚어져CJ대한통운 수정터미널에 쌓여있는 택배 [사진 제공 = 전국택배연대노조] 경기도 성남시 수정구에 거주하는 A씨는 이달 초 주문한 택배를 일주일이 넘도록 받지 못하고 있다. 배송현황을 보면 계속 'CJ대한통운 수정터미널'이라고 뜬다. 택배사 고객센터에 전화를 걸어 물어봐도 ""기다려달라""는 말만 듣길 수차례. A씨는 ""결국 나중에서야 기사를 보고 성남 지역 택배노조 파업 탓에 배송이 차질을 빚는 것을 알게 됐다""며 ""이를 알면 주문을 아예 안 했을텐데...더운 날씨에 배송시킨 옥수수는 다 썩었겠다""고 분통을 터트렸다. 경기도 성남시에 있는 CJ대한통운 한 대리점과 소속 기사들 간 갈등으로 인해 전국택배연대노조(택배노조)의 파업이 14일째 지속되자 소비자들 사이 불만이 치솟고 있다. 노조와 택배사 간 힘겨루기에 애꿎은 소비자들만 피해를 보고 있어서다.■ 노조 ""갑질 대리점주 퇴출해야""14일 민주노총 서비스연맹 택배노조에 따르면 지난 1일부터 CJ대한통운 수정터미널 내 대리점(10곳)에서 일하는 140명 택배기사 중 102명이 파업을 벌이고 있다. 102명은 모두 경기지부 택배노조 소속 조합원들이다.이들이 생업을 내던지고 파업을 한 이유는 CJ대한통운의 경기도 성남시 한 대리점주의 갑질 때문이다.택배노조 측은 ""그 동안 CJ대한통운 A대리점주는 택배기사들에게 각종 갑질행위에 부당해고를 일삼았다""며 ""CJ대한통운이 해당 대리점주의 퇴출 결정을 내리기 전까지는 파업을 중단하지 않을 것""이라고 밝혔다.이에 따라 나머지 비조합원 38명의 택배기사들이 CJ대한통운 수정터미널로 집하된 택배를 배송해야 해 인력이 턱없이 부족한 상황이다. 대리점에 따르면 CJ대한통운 수정터미널에서 나가는 택배는 경기도 성남시 수정구와 중원구를 비롯해 위례신도시 일부 지역으로 배송되며, 일일택배량만 8만여개에 이른다.■ 현재 쌓여있는 택배만 10만개문제는 노조원들 사이 적법한 투표절차를 거쳐 이뤄진 파업인 만큼 막을 길이 없고, 파업으로 인한 피해는 고스란히 소비자들이 보고 있다는 점이다.경기도 성남시 수정구에서 배송을 기다리고 있는 한 소비자는 ""한 대리점과 몇몇 택배기사들 간의 갈등 때문에 이렇게 많은 사람들이 피해를 보는 게 말이 되냐""며 ""택배노조는 언제까지 택배를 인질 삼아 파업을 벌이려고 하냐""고 목소리를 높였다.더욱이 노조 파업 중 택배회사는 대체인력을 투입해 배송을 거들 수 없다. 택배회사가 대체인력을 투입한 순간 불법 행위가 된다. 현재 CJ대한통운 수정터미널에 10만개 이상의 택배가 고스란히 쌓여있는 이유다. 기다리다 못해 수정터미널로 직접 택배를 찾으러 간 이들이 있지만, 헛걸음만 할 뿐이다. 이미 산더미처럼 쌓인 택배 중 자신의 택배를 찾기란 불가능하고, 오히려 헌신짝처럼 버려진듯 놓아둔 택배들을 보면 화가 난다고 입을 모은다.CJ대한통운은 아직까지 해당 지역을 배송불가 지역으로 지정하지 않았다. 문제가 제기된 대리점 사안에 대한 조사를 진행한 뒤 적절한 조치를 취하겠다는 입장이다. 배송불가 지역이 아니다보니 노조 파업 사실을 알지 못한 채 온라인 쇼핑몰 등에서 주문을 하면 그대로 상품 접수가 되고 만다. 수정터미널에 택배가 쌓이고 또 쌓여가는 이유다. ■ 피해는 소비자 몫제 때 제 물건을 배송 받지 못해 발생한 소비자들의 피해는 누가 배상해줘야 할까. 택배노조와 택배회사 측은 서로에게 책임을 미루는 모습이다.택배노조 관계자는 ""소비자들에게는 정말로 죄송하게 생각한다""며 ""하지만 대리점주들의 갑질문제가 여기저기서 불거진 상황에서 택배회사의 재발방지 대책이 없고선 파업을 중단을 할 수 없다""고 말했다.CJ대한통운 측 역시 ""회사 노력에도 불구하고 파업이 계속돼 화주와 고객들의 불편이 가중되는 것에 대해 매우 유감""이라며 ""파업이 지속될 경우 해당 지역을 배송불가능 지역으로 지정해 집화 중지 등의 조치를 내릴 수밖에 없는 상황이다""고 말했다.[방영덕 매경닷컴 기자]",2021.07.14. 오후 1:53,,13,6,12,972,29
"CJ대한통운, 네이버와 손잡고 '전용물류센터' 4배로 확대",한국경제,https://news.naver.com/main/read.naver?mode=LSD&mid=sec&sid1=101&oid=015&aid=0004581490,"CJ대한통운이 네이버와 손잡고 e풀필먼트센터 규모를 약 66만㎡ 추가한다고 21일 발표했다. e커머스(전자상거래) 시장의 급격한 성장에 발맞춰 배송 경쟁력을 더 강화하겠다는 구상이다. e풀필먼트센터는 네이버 입점사를 비롯한 e커머스 판매자가 상품을 보관하고 주문 즉시 배송할 수 있는 CJ대한통운의 전용 물류센터다.CJ대한통운은 곤지암(약 10만6000㎡)과 군포(약 4만㎡) 상온센터, 용인(약 2만㎡) 저온센터를 운영하고 있다. 두 회사가 추가한다고 발표한 66만㎡는 현재 규모의 네 배에 달하는 면적이다. CJ대한통운은 “구체적인 위치와 시기는 향후 확정할 계획”이라고 밝혔다.추가 센터 확보와 함께 두 회사는 새로운 배송 서비스도 구축할 계획이다. e풀필먼트 서비스의 기본형인 주문 익일 배송 외에 새벽배송, 당일배송 등 신규 서비스 모델을 만들어나가기로 했다.CJ대한통운 관계자는 “이번 협력으로 네이버는 입점사를 대상으로 다양한 물류 서비스를 제공할 수 있고, CJ대한통운은 안정적으로 수요를 확보할 수 있게 됐다”며 “기술 첨단화를 통해 ‘창고의 대변신’을 선도할 계획”이라고 말했다.",2021.07.21. 오후 5:46,,2,0,0,0,0
"""일한 만큼 버는 정직한 직업""…젊은 택배기사 늘어난다…CJ대한통운 전체 37% MZ세대",매일경제언론사 선정,https://news.naver.com/main/read.naver?mode=LSD&mid=sec&sid1=102&oid=009&aid=0004824235," CJ대한통운 택배기사의 37% 정도가 MZ세대인 것으로 나타났다.CJ대한통운을 올해 상반기 기준 택배기사들의 연령대를 분석한 결과 젊은 층을 대표하는 MZ세대(1980~2000년대생) 택배기사가 8101명인 것으로 집계됐다고 15일 밝혔다. 이는 CJ대한통운 전체 택배기사 2만2000명 중 37%에 해당하는 규모다.회사 측은 젊은층의 비중이 증가한 것에 대해 택배기사의 특성상 직장인처럼 상하관계에 대한 스트레스가 없고 일한 만큼 수입을 가져갈 수 있는 정직한 직업이기 때문이라고 설명했다.또한 수입이 비교적 높다는 것도 이유로 들었다. 실제로 올해 상반기 기준 CJ대한통운 MZ세대 택배기사들의 비용 공제전 월평균 수입은 694만원(연평균 8328만원) 수준인 것으로 분석됐다. 지난 2월 통계청에서 발표한 2019년 임금근로자일자리 월평균 소득 309만원(연평균 3708만원)을 두배 이상 웃도는 금액이다.새로운 자동화시설 도입과 분류지원인력 투입 등 택배현장의 작업환경이 개선되면서 수입은 계속해서 오르는 반면, 작업 강도는 낮아지고 있다. 특히 코로나19로 물량이 늘었지만, 비대면 배송이 정착되면서 상자당 배송 시간은 오히려 줄어들었다. 또한 물량이 증가한 만큼 한집에 2~3개씩 배송되는 중복배송이 많아지고, 담당하는 배송 구역도 좁아져 배송 효율이 극대화 되고 있다.CJ대한통운 관계자는 ""택배기사 수입과 작업환경이 계속 좋아지면서 새롭게 직장을 찾는 가족이나 지인에게 권유하는 경우가 늘고 있다""며 ""특히 상하관계 없이 일하는 만큼 수입을 올리는 택배기사의 특성과 개인존중, 공정성 등을 중요시하는 MZ세대의 가치관이 맞물려 젊은 세대에게 조용한 인기를 끌고 있다""고 말했다. [이상규 매경닷컴 기자]",2021.07.15. 오전 8:54,2021.07.15. 오전 9:44,21,0,0,7,1
"CJ대한통운, 지능형 스캐너로 택배 분리…5년간 61억 박스",중앙일보,https://news.naver.com/main/read.naver?mode=LSD&mid=sec&sid1=101&oid=025&aid=0003118255,"CJ대한통운이 택배 분류 작업 자동화 속도를 내고 있다. 운영 효율을 높이고 근로 부담을 줄이기 위해서다. CJ대한통운은 지난 2016년 첨단 지능형 스캐너인 ITS(Intelligent Scanner)를 도입한 후 5년간 61억 개가 넘는 택배 물량을 처리했다고 14일 밝혔다. ITS는 택배 분류 과정의 하나인 운송장 스캔을 맡았다.        CJ대한통운의 첨단 지능형 스캐너인 ITS가 택배 상자에 붙은 운송장을 자동으로 스캔하고 있다. [사진 CJ대한통운]       ITS는 컨베이어 벨트 위를 빠르게 지나가는 택배 상자를 자동으로 스캔해 운송장 바코드에 담긴 택배 상품 정보를 추출·저장한다. CJ대한통운은 현재 전국 택배터미널에서 ITS 300여 대를 운용하고 있다. 이와 함께 휠소터도 도입했다. 휠소터는 배송 지역별로 택배 상자를 자동 분류해 근로자의 근무시간을 단축하는 효과를 냈다. 소형 택배 상품을 자동으로 분류하는 자동화시설(MP·Multi Point)도 택배 현장에 도입했다.      CJ대한통운은 지난 2016년 11월 업계 최초로 ITS를 도입했다. 올해 말까지 ITS 장비 성능을 향상할 계획이다. 측정용 카메라 성능을 고도화해 행랑 모양처럼 구분하기 어려운 형태의 상자의 인식률을 높일 예정이다. 카메라 성능이 좋아지면 정확한 체적 측정, 이미지 저장 등도 할 수 있을 것으로 보인다.       CJ대한통운은 이미 지난 2019년 1월 택배 상품의 가로·세로·높이 3면의 체적을 측정하고 그래픽 정보를 저장할 수 있는 기능을 추가했다. 덕분에 택배 상품의 총 체적량과 물량 기반의 빅데이터를 구축할 수 있었다. 체적 정보는 간선차인 대형트럭에 들어갈 수 있는 물량의 총 부피 등을 계산하는 기본 정보라 필요한 차량 수 등을 파악하기 위해 필요하다. CJ대한통운측은 “지속적인 첨단 시스템 도입을 통해 택배 산업의 패러다임을 바꾸기 위해 노력할 것”이라고 밝혔다.  ",2021.07.14. 오후 2:26,,4,0,0,1,0
"네이버 - CJ대한통운, ""배송 더 빨리"" 힘 합쳐",매일경제,https://news.naver.com/main/read.naver?mode=LSD&mid=sec&sid1=103&oid=009&aid=0004827441,"20만평 규모 풀필먼트센터내년까지 구축 완료키로전국 익일배송 가능해져네이버가 CJ대한통운과 함께 스마트스토어 입점 업체에 대해 전국 빠른 배송 서비스를 구축한다. 상품 보관·포장, 출하, 배송 등을 일괄 처리하는 '풀필먼트센터'를 추가로 만들어 입점 업체의 판매 지역을 넓히는 동시에 추후 당일·새벽배송까지 도입해 배송 속도를 끌어올릴 계획이다.21일 양사는 66만1157㎡(약 20만평) 이상 규모로 풀필먼트센터를 새로 설립할 예정이라고 밝혔다.지금까지 네이버는 곤지암, 군포, 용인 등 CJ대한통운 풀필먼트센터에 입점 계약을 맺고 상품을 공급해온 445개 브랜드에 한해 익일배송 서비스를 제공해왔다. 대규모 센터가 신규 구축되면 내년부터는 스마트스토어에 입점한 46만개 업체가 모두 익일배송 서비스를 이용할 수 있게 된다.특히 최근 장보기가 급증하면서 빠른 배송에 대한 수요가 높은 생활필수품과 신선식품은 당일배송과 새벽배송도 가능하도록 센터를 구성할 계획이다. 이번 풀필먼트센터의 핵심은 스마트 물류 거점으로 활용하는 것을 목표로 차세대 정보기술(IT)이 적용된 점이다. 빅데이터 기반 운영시스템, 인공지능(AI) 로봇, 무인운송로봇(AGV) 등 CJ대한통운의 최첨단 물류기술을 기반으로 센터 내에서 효율성을 높일 방침이다. 네이버 AI 기술인 '클로바'를 적용해 물류 수요예측을 고도화하면서 창고 할당, 자동입고 예약 등 물류 공정 전반에도 네이버 IT를 적용한다. 네이버 랩스의 로봇 기술을 활용해 차세대 물류기술 구축에도 협력할 예정이다.친환경 포장 기술도 적용된다. 상품 포장에 필요한 완충재, 테이프 등을 종이로 바꾼다. 고객이 주문한 상품을 크기와 묶음 단위로 측정해 상자에 빈 공간을 최소화하는 과대 포장 방지 기술도 적용할 예정이다. [박대의 기자]",2021.07.21. 오후 5:29,,0,0,0,0,0
"""택배아저씨 아니에요""···CJ대한통운 택배기사 37%가 MZ세대",경향신문,https://news.naver.com/main/read.naver?mode=LSD&mid=sec&sid1=101&oid=032&aid=0003085641,"처우·인식 개선에 평균연령 낮아지는 추세월평균 694만원 수입으로 임금근로자 평균보다 높아[경향신문] CJ대한통운 택배기사 경현두씨(왼쪽)와 아버지 경기문씨.CJ대한통운CJ대한통운 택배기사로 일하는 경현두씨(26)는 아버지와 어머니, 외삼촌 등 친인척 8명과 함께 택배일을 한다. 대학졸업 후 취업준비를 하며 사무직 아르바이트와 공사장 일용직까지 안해 본 일이 없다는 경씨는 택배기사인 부모님의 권유로 일을 시작했다. 그는 “처음엔 몸쓰는 일이 힘들었지만, 지금은 숙달돼 부모님을 돕고 있다”며 “일반 직장인처럼 상사 눈치를 볼 필요가 없고 내가 일한 만큼 가져가는 게 택배의 가장 큰 매력인 것 같다”고 말했다. CJ대한통운의 택배기사 10명 중 4명은 MZ세대(1980~2000년대 출생)인 것으로 나타났다. CJ대한통운이 택배기사들의 연령대를 분석한 결과 자사 기사 2만2000여명 중 MZ세대가 8101명(37%) 일하고 있는 것으로 집계됐다고 15일 밝혔다. CJ대한통운은 “택배기사의 연령대를 분석한 기존 자료는 없지만, 택배기사의 평균 연령이 확실히 낮아지는 추세”라며 “택배기사에 대한 처우와 인식 개선이 MZ세대 유입에 영향을 미친 것으로 추정된다”고 설명했다. CJ대한통운이 집계한 MZ세대 택배기사들의 공제전 월 평균 수입은 694만원(연평균 8328만원)이다. 통계청이 지난 2월 발표한 2019년 임금근로자 월평균 소득 309만원(연평균 3708만원)을 두배 이상 웃도는 수준이다. 자동화시설 도입과 분류지원 인력 투입 등 택배현장의 작업환경이 개선돼 수입은 오르고, 작업 강도는 낮아지는 추세라고 CJ대한통운은 설명했다.비대면 배송이 정착돼 상자당 배송 시간은 줄고, 담당하는 구역은 좁아져 배송의 효율성이 높아지고 있다는 주장이다.   CJ대한통운 관계자는 “택배기사 수입과 작업 환경이 좋아지면서 일을 찾는 지인에게 권유하는 경우도 늘고 있다”며 “일하는 만큼 수입을 올리는 택배기사의 특성과 개인존중, 공정성 등을 중시하는 MZ세대의 가치관이 맞물려 젊은 세대에게 조용한 인기를 끌고 있다”고 말했다.  한편 CJ대한통운이 지난 5월 택배기사들의 가족관계를 조사한 결과 부부 택배기사가 2692명(1346쌍), 가족과 함께 일하는 택배기사가 4002명인 것으로 조사됐다.",2021.07.15. 오전 11:02,2021.07.15. 오전 11:32,1,1,0,2,0
"CJ대한통운, 지능형 스캐너로 61억개 택배 처리",동아일보,https://news.naver.com/main/read.naver?mode=LSD&mid=sec&sid1=101&oid=020&aid=0003370322,도입 5년만에… 300여 대 보유CJ대한통운이 업계 최초로 2016년 11월 도입한 첨단 지능형 스캐너 ‘ITS’로 지난달 말 까지 61억 개가 넘는 택배 물량을 처리했다고 14일 밝혔다.  ITS는 컨베이어벨트 위로 지나가는 택배 상자 운송장 바코드를 자동으로 읽어 상품 정보를 추출하고 저장하는 장비다. ITS로 추출된 정보는 휠소터(택배를 배송지역별로 자동 분류해주는 장치)에 전달해 택배 상자를 자동으로 분류할 수 있게 해준다. ITS 도입으로 택배 상자를 사람 눈으로 구별해 분류할 필요가 없어지면서 택배 분류 현장의 생산 효율성이 향상됐다. 업계에서는 ITS와 휠소터를 대표적인 택배 현장 혁신 도구로 평가하고 있다. CJ대한통운은 총 300여 대의 ITS 장비를 보유하고 있다. ,2021.07.15. 오전 3:04,,0,0,0,0,0
CJ대한통운 美 ‘녹색 공급망 파트너’ 선정,동아일보,https://news.naver.com/main/read.naver?mode=LSD&mid=sec&sid1=101&oid=020&aid=0003371448,"CJ대한통운은 미국 통합법인 ‘CJ로지스틱스 아메리카’가 현지 물류전문지 인바운드 로지스틱스가 선정한 ‘2021 녹색 공급망 파트너’에 이름을 올렸다고 20일 밝혔다. 인바운드 로지스틱스는 매년 지속가능한 글로벌 공급망을 구축하고 사회적·친환경적 물류 운영을 실천하고 있는 모범 기업 75곳을 선정하고 있다. 이번 명단에는 CJ로지스틱스 아메리카 외에도 DHL, UPS, 페덱스 등 유명 글로벌 물류기업이 포함됐다. CJ로지스틱스 아메리카는 고객사와의 파트너십을 통해 지속가능경영 프로젝트를 계속 발굴하고 있는 점에서 높은 평가를 받았다.",2021.07.21. 오전 3:05,,0,0,0,0,0
"""택배를 열어보아요"" CJ대한통운 '언박Sing' 공개",매일경제,https://news.naver.com/main/read.naver?mode=LSD&mid=sec&sid1=101&oid=009&aid=0004821648,"택배의 설렘과 즐거움 담은 상큼 발랄한 노래음원 무료 배포와 함께 경품 행사도 진행CJ대한통운, 언박Sing 뮤직비디오 썸네일 [사진 제공 = CJ대한통운] CJ대한통운은 택배의 설렘과 즐거움을 노래한 국민택배송 '언박Sing' 음원을 선보인다고 9일 밝혔다. '언박SING' 음원은 9일 오후 6시 CJ대한통운 유튜브 예능채널 '택배와따'에서 뮤직비디오와 함께 공개되며, 해당 채널에서 무료로 다운로드 받을 수 있다. 음원은 무료 배포돼 누구나 저작권 걱정 없이 자유롭게 사용할 수 있다. '언박Sing'은 택배를 언박싱 할 때의 감정을 담은 상큼 발랄한 어쿠스틱풍 노래다. ""설렘을 열어봐요""라는 중독성 있는 후렴구와 함께 ""작지만 확실한 나만의 행복"" 등 기다리던 택배를 받고 열어볼 때의 설렘과 행복을 공감할 수 있는 가사와 함께 담아냈다. 함께 공개되는 뮤직비디오에는 택배를 받고 언박싱하는 사람들의 재미있는 모습을 택배박스 시점으로 담았다. CJ대한통운은 ""택배를 기다리며 설레고, 택배를 받고 기뻐하고, 택배를 뜯으며 행복해하는 사람들의 표정을 통해 택배 서비스의 중요성과 가치를 전했다""고 밝혔다. 뮤직비디오에는 CJ대한통운 명예 택배기사로 임명된 국민 강아지 '경태'도 특별 출연했다.CJ대한통운은 음원 무료 배포와 함께 행사도 진행한다. 오는 25일까지 '언박Sing' 음원을 활용한 영상을 유튜브 혹은 인스타그램에 해시태그와 함께 업로드하면 참여가 완료된다. 참여 영상의 형식과 내용은 제한 없으며 '언박Sing' 노래만 활용하면 된다. 추첨을 통해 10명에게 애플워치, 에어팟프로, CJ상품권 등을 경품으로 제공한다.CJ대한통운 관계자는 ""'언박Sing'은 택배가 일상에서 더하는 가치와 의미를 표현하기 위해 기획하게 됐다""며 ""택배가 전하는 설렘과 기쁨, 행복 등의 감정을 담은 이 노래를 통해 고객들에게 밝고 긍정적인 택배 이미지가 전달됐으면 좋겠다""고 말했다. 한편 CJ대한통운의 예능 유튜브 채널인 '택배와따'는 2019년 개설 이후 '다둥이 아빠 택배기사'(100만 회)를 시작으로 택배를 비롯한 물류 산업을 보다 쉽게 이해할 수 있도록 하는 웹예능 콘텐츠를 발행하고 있다. '택슐랭가이드', '네멋대로해라', '택배인턴 배송희' 등 다양한 기획과 출연진으로 유튜브 '인기급상승동영상'에도 오르며 인기몰이를 하고 있다.[강민호 기자]",2021.07.09. 오전 10:28,,1,0,0,12,1
