title,press,url,content,publish_date,reaction_good,reaction_warm,reaction_sad,reaction_angry,reaction_want
"'유한양행우' 10% 이상 상승, 주가 상승세, 단기 이평선 역배열 구간",한국경제,https://news.naver.com/main/read.naver?mode=LSD&mid=sec&sid1=101&oid=015&aid=0004373011,"◆ 차트 분석- 주가 상승세, 단기 이평선 역배열 구간추세선으로 보면 단기 이평선이 역배열을 만들며 조정을 받다가 다시 상승으로 돌아선 모습이다.최근 이 종목의 차트에서 최근 5일 매물대 돌파, 주가 5MA 상향돌파 등의 특이사항이 발생했다.[그래프]유한양행우 차트 분석◆ 주체별 매매동향- 개인의 거래비중 크게 높음, 거래비중 92.2% (최근한달)지난 한달을 기준으로 보면 외국인이 5,944주를 순매도했고, 기관도 9.5만주를 순매도했지만, 개인은 오히려 10.0만주를 순매수했다. 같은 기간 개인의 거래비중이 92.2%로 가장 높아, 주요 거래 주체로 참여했음을 알 수 있다.[그래프]유한양행우 외국인/기관 매매동향한경로보뉴스이 기사는 한국경제신문과 금융 AI 전문기업 씽크풀이 공동 개발한 기사 자동생성 알고리즘에 의해 실시간으로 작성된 것입니다.▶ 네이버에서 한국경제 뉴스를 받아보세요▶ 한경닷컴 바로가기  ▶ 모바일한경 구독신청 ⓒ 한국경제 & hankyung.com, 무단전재 및 재배포 금지",2020.07.03. 오전 9:09,0,0,0,1,0
"'유한양행우' 5% 이상 상승, 주가 반등으로 5일 이평선 넘어섬, 단기 이평선 역배열 구간",한국경제,https://news.naver.com/main/read.naver?mode=LSD&mid=sec&sid1=101&oid=015&aid=0004371501,"◆ 차트 분석- 주가 반등으로 5일 이평선 넘어섬, 단기 이평선 역배열 구간이 시간 차트의 흐름은 단기적으로 역배열을 만들면서 조정을 받았지만, 반등하면서 5일선을 넘어서는 모습이다.이 종목의 차트에서 최근에 최근 5일 매물대 돌파, 주가 5MA 상향돌파, 일목균형표 선행스팬 상향돌파(매수) 등을 확인할 수 있다[그래프]유한양행우 차트 분석◆ 주체별 매매동향- 개인의 거래비중 크게 높음, 거래비중 92.2% (최근한달)지난 한달을 기준으로 보면 외국인이 3,170주를 순매도했고, 기관도 9.5만주를 순매도했지만, 개인은 오히려 9.7만주를 순매수했다. 같은 기간 개인의 거래비중이 92.2%로 가장 높아, 주요 거래 주체로 참여했음을 알 수 있다.[그래프]유한양행우 외국인/기관 매매동향한경로보뉴스이 기사는 한국경제신문과 금융 AI 전문기업 씽크풀이 공동 개발한 기사 자동생성 알고리즘에 의해 실시간으로 작성된 것입니다.▶ 네이버에서 한국경제 뉴스를 받아보세요▶ 한경닷컴 바로가기  ▶ 모바일한경 구독신청 ⓒ 한국경제 & hankyung.com, 무단전재 및 재배포 금지",2020.07.01. 오전 11:06,0,0,0,0,0
"'유한양행우' 상한가↑ 도달, 주가 상승 흐름, 단기 이평선 정배열, 중기 이평선 역배열",한국경제,https://news.naver.com/main/read.naver?mode=LSD&mid=sec&sid1=101&oid=015&aid=0004356089,"◆ 차트 분석- 주가 상승 흐름, 단기 이평선 정배열, 중기 이평선 역배열차트상 주가의 흐름은 중기 추세상으로는 역배열 구간에 있지만 단기적으로는 정배열 구간에서 상승흐름을 이어왔다.최근 이 종목의 차트에서 최근 60일 매물대 돌파, 일목균형표 기준선 상향교차(매수), 주가 5MA 상향돌파 등의 특이사항이 발생했다.[그래프]유한양행우 차트 분석◆ 주체별 매매동향- 개인의 거래비중 크게 높음, 거래비중 92.8% (최근한달)지난 한달을 기준으로 보면 외국인이 6,630주를 순매수했고, 기관도 500주를 순매수했다. 반면 개인들은 7,132주를 순매도한 것으로 나타났다. 같은 기간 개인의 거래비중이 92.8%로 가장 높아, 주요 거래 주체로 참여했음을 알 수 있다.[그래프]유한양행우 외국인/기관 매매동향한경로보뉴스이 기사는 한국경제신문과 금융 AI 전문기업 씽크풀이 공동 개발한 기사 자동생성 알고리즘에 의해 실시간으로 작성된 것입니다.▶ 네이버에서 한국경제 뉴스를 받아보세요▶ 한경닷컴 바로가기  ▶ 모바일한경 구독신청 ⓒ 한국경제 & hankyung.com, 무단전재 및 재배포 금지",2020.06.08. 오후 3:06,0,0,0,0,0
"'유한양행우' 5% 이상 상승, 주가 상승 흐름, 단기 이평선 정배열, 중기 이평선 역배열",한국경제,https://news.naver.com/main/read.naver?mode=LSD&mid=sec&sid1=101&oid=015&aid=0004337991,"◆ 차트 분석- 주가 상승 흐름, 단기 이평선 정배열, 중기 이평선 역배열차트상 주가의 흐름은 중기 추세상으로는 역배열 구간에 있지만 단기적으로는 정배열 구간에서 상승흐름을 이어왔다.이 종목의 차트에서 최근에 골든크로스, 최근 5일 매물대 돌파 등을 확인할 수 있다[그래프]유한양행우 차트 분석◆ 주체별 매매동향- 개인의 거래비중 크게 높음, 거래비중 95.8% (최근한달)지난 한달을 기준으로 보면 외국인이 1,686주를 순매수했고, 기관도 1,000주를 순매수했다. 반면 개인들은 2,691주를 순매도한 것으로 나타났다. 같은 기간 개인의 거래비중이 95.8%로 가장 높아, 주요 거래 주체로 참여했음을 알 수 있다.[그래프]유한양행우 외국인/기관 매매동향한경로보뉴스이 기사는 한국경제신문과 금융 AI 전문기업 씽크풀이 공동 개발한 기사 자동생성 알고리즘에 의해 실시간으로 작성된 것입니다.▶ 네이버에서 한국경제 뉴스를 받아보세요▶ 한경닷컴 바로가기  ▶ 모바일한경 구독신청 ⓒ 한국경제 & hankyung.com, 무단전재 및 재배포 금지",2020.05.11. 오전 9:28,0,0,0,0,0
"'유한양행우' 20% 이상 상승, 외국인 3일 연속 순매수(6,605주)",한국경제,https://news.naver.com/main/read.naver?mode=LSD&mid=sec&sid1=101&oid=015&aid=0004361818,"◆ 주체별 매매동향- 외국인 3일 연속 순매수(6,605주)지난 한달을 기준으로 보면 외국인이 6,785주를 순매수했고, 개인들도 6.2만주를 순매수했다. 하지만 기관은 6.9만주를 순매도했다. 같은 기간 개인의 거래비중이 92.4%로 가장 높아, 주요 거래 주체로 참여했음을 알 수 있다.한편 외국인은 이 종목에 대해서 최근 3일 연속 6,605주 순매수를 하고 있다.[그래프]유한양행우 외국인/기관 매매동향한경로보뉴스이 기사는 한국경제신문과 금융 AI 전문기업 씽크풀이 공동 개발한 기사 자동생성 알고리즘에 의해 실시간으로 작성된 것입니다.▶ 네이버에서 한국경제 뉴스를 받아보세요▶ 한경닷컴 바로가기  ▶ 모바일한경 구독신청 ⓒ 한국경제 & hankyung.com, 무단전재 및 재배포 금지",2020.06.17. 오전 9:06,0,0,0,0,1
"'유한양행우' 5% 이상 상승, 주가 상승 흐름, 단기 이평선 정배열, 중기 이평선 역배열",한국경제,https://news.naver.com/main/read.naver?mode=LSD&mid=sec&sid1=101&oid=015&aid=0004358319,"◆ 차트 분석- 주가 상승 흐름, 단기 이평선 정배열, 중기 이평선 역배열차트상 주가의 흐름은 중기 추세상으로는 역배열 구간에 있지만 단기적으로는 정배열 구간에서 상승흐름을 이어왔다.[그래프]유한양행우 차트 분석한경로보뉴스이 기사는 한국경제신문과 금융 AI 전문기업 씽크풀이 공동 개발한 기사 자동생성 알고리즘에 의해 실시간으로 작성된 것입니다.▶ 네이버에서 한국경제 뉴스를 받아보세요▶ 한경닷컴 바로가기  ▶ 모바일한경 구독신청 ⓒ 한국경제 & hankyung.com, 무단전재 및 재배포 금지",2020.06.11. 오전 10:18,0,0,0,0,0
"'유한양행우' 5% 이상 상승, 주가 반등 시도, 단기·중기 이평선 역배열",한국경제,https://news.naver.com/main/read.naver?mode=LSD&mid=sec&sid1=101&oid=015&aid=0004321947,"◆ 차트 분석- 주가 반등 시도, 단기·중기 이평선 역배열일봉 차트의 모습은 단기·중기 역배열 구간에서 하락세가 이어지다가 오늘 반등의 모습을 보여주고 있다.[그래프]유한양행우 차트 분석◆ 주체별 매매동향- 개인의 거래비중 크게 높음, 거래비중  97.7% (최근한달)지난 한달을 기준으로 보면 외국인이 39주를 순매도했고, 기관도 829주를 순매도했지만, 개인은 오히려 1,058주를 순매수했다. 같은 기간, 개인의 거래 비중이 97.7%로 가장 높아, 이 종목의 주요 거래 주체는 개인이었음을 알 수 있다.[그래프]유한양행우 외국인/기관 매매동향한경로보뉴스이 기사는 한국경제신문과 금융 AI 전문기업 씽크풀이 공동 개발한 기사 자동생성 알고리즘에 의해 실시간으로 작성된 것입니다.▶ 네이버에서 한국경제 뉴스를 받아보세요▶ 한경닷컴 바로가기  ▶ 모바일한경 구독신청 ⓒ 한국경제 & hankyung.com, 무단전재 및 재배포 금지",2020.04.10. 오전 9:07,0,0,0,0,0
"'유한양행우' 상한가↑ 도달, 외국인 7일 연속 순매수(2,897주)",한국경제,https://news.naver.com/main/read.naver?mode=LSD&mid=sec&sid1=101&oid=015&aid=0004342260,"◆ 주체별 매매동향- 외국인 7일 연속 순매수(2,897주)지난 한달을 기준으로 보면 외국인이 3,229주를 순매수했고, 기관도 3,123주를 순매수했다. 반면 개인들은 6,362주를 순매도한 것으로 나타났다. 같은 기간 개인의 거래비중이 91.3%로 가장 높아, 주요 거래 주체로 참여했음을 알 수 있다.한편 외국인은 이 종목에 대해서 최근 7일 연속 2,897주 순매수를 하고 있다.[그래프]유한양행우 외국인/기관 매매동향한경로보뉴스이 기사는 한국경제신문과 금융 AI 전문기업 씽크풀이 공동 개발한 기사 자동생성 알고리즘에 의해 실시간으로 작성된 것입니다.▶ 네이버에서 한국경제 뉴스를 받아보세요▶ 한경닷컴 바로가기  ▶ 모바일한경 구독신청 ⓒ 한국경제 & hankyung.com, 무단전재 및 재배포 금지",2020.05.18. 오전 9:06,0,0,0,0,0
