title,press,url,content,publish_date,reaction_good,reaction_warm,reaction_sad,reaction_angry,reaction_want,modify_date
"메리츠證 ""하이트진로, 코로나19 장기화로 수익성 부진…B2B시장 주목""",한국경제,https://news.naver.com/main/read.naver?mode=LSD&mid=sec&sid1=101&oid=015&aid=0004584341,"투자의견 매수와 적정주가 4만8000원 '유지'메리츠증권은 28일 하이트진로에 대해 신종 코로나바이러스 감염증(코로나19) 장기화로 주류업 부진이 예상되지만 기업 간 거래(B2B) 시장 회복 시 시장점유율 확대가 예상된다며 투자의견 '매수'와 적정주가 4만8000원을 유지했다.하이트진로의 올 2분기 예상 매출은 5657억원, 영업이익은 470억원으로 전년 동기 대비 각각 2.7%, 13% 감소할 것으로 추정됐다. 코로나19 영향이 장기화된 가운데 지난해 2분기 높은 역기저 효과에 따른 것이다.김정욱 메리츠증권 연구원은 ""강화된 거리두기 규제인 10시 이후 영업금지와 5인 이상 모임금지는 지난해 대비 매출 감소 요인으로 작용했다""며 ""주류경쟁 심화로 인해 매출 감소 부담과 동반된 수익성 부진이 나타났다""고 말했다.시장 점유율을 보면 하이트진로는 경쟁사의 가격 프로모션과 도매장 가수요 확대 영향으로 상승이 제한되며 유지되는 흐름을 보였다. 유흥시장 회복이 더딘 가운데 맥주 점유율은 40% 수준에서 접전 양상을 보였고 소주는 60%대 중반의 높은 수준을 여전히 유지했다.김정욱 연구원은 ""맥주 점유율은 하반기 수도권 유흥시장 회복이 변수가 될 전망""이라며 ""소주는 진로의 성공적인 안착과 고점 수요 확보로 점유율이 고착화됐다""고 분석했다.코로나19 4차 대유행에 접어들면서 주류업황 부진은 장기화되는 상황이다. 가정용 맥주 시장으로 재차 무게중심이 이동하는 가운데 B2C 제품의 가격 인하 전략은 시장점유율 확대 측면에서 긍정적일 것으로 추정된다.김 연구원은 ""2분기 실적 부진은 예상 수준을 크게 벗어나지 않을 것""이라며 ""B2B시장 회복 시 시장점유율 확대가 재개되는 투자 포인트는 유효하다""고 설명했다.",2021.07.28. 오전 7:58,2,0,0,0,0,
"태국에서도 '국민소주' 되려나…하이트진로, 전년보다 수출 3배 증가",매일경제,https://news.naver.com/main/read.naver?mode=LSD&mid=sec&sid1=103&oid=009&aid=0004827101,"[사진 제공=하이트진로]하이트진로가 태국에서 'K-소주' 열풍을 일으키고 있다. 하이트진로(대표 김인규)는 올 상반기 수출 실적이 전년 동기보다 3배 증가한 155만달러를 기록했다고 21일 밝혔다. 아울러 소주 세계화를 선포한 2016년부터 2020년까지 4년간 연평균 30%씩 꾸준히 성장했다고 덧붙였다.하이트진로는 현지 유통망 개척 및 과일리큐르 품목 확대를 통한 가정 시장 공략, '진로데이' 등 브랜드 인지도 확대를 위한 소비자 체험 마케팅 활동으로 이같은 성장세를 달성했다고 분석했다.하이트진로는 2016년부터 대형마트인 빅씨(BigC), 마크로(Makro) 일부 점포에 참이슬과 과일리큐르를 입점시켰다. 마트 전용 기획 상품 및 단독 매대 설치, 딸기에이슬 출시를 통한 품목 확대 등으로 가정 시장을 공략해왔다. 올해도 태국 최대 규모 편의점인 '세븐일레븐' 5000여개 점포에도 입점했다. 황정호 해외사업 총괄상무는 ""2016년 소주 세계화를 선포하고 경제성장, 인구기반, 주류시장 현황 등 다양한 요소를 고려해 태국, 베트남, 말레이시아 등 동남아시아 국가를 집중 공략하며 K-소주 시장을 선도해 나가고 있다""며 ""태국 내에서 소주 브랜드 이미지 제고와 소주세계화 전략을 통해 올해도 두 자릿수 성장을 이어갈 것으로 기대한다""고 말했다.[최기성 매경닷컴 기자]",2021.07.21. 오전 10:19,4,0,0,0,0,
"태국서 소주 인기 더해간다…하이트진로, 상반기 수출 3배 '쑥'",한국경제,https://news.naver.com/main/read.naver?mode=LSD&mid=sec&sid1=101&oid=015&aid=0004581152,"2016년부터 2020년까지 연평균 30% 성장사진=하이트진로하이트진로는 올해 상반기 태국에 대한 소주 수출액이 전년 동기 대비 3배 증가한 155만달러(약 17억8000만원)를 기록했다고 21일 밝혔다.소주 세계화를 선포한 2016년부터 2020년까지 4년간 연평균 30%씩 꾸준히 성장했다는 설명이다. 현지 유통망 개척과 과일 리큐어(혼합주) 품목 확대를 통한 가정 시장 공략 ‘진로데이’ 등 브랜드 인지도 확대를 위한 소비자 체험 마케팅 활동이 주효했다고 하이트진로는 분석했다. 사진=하이트진로 하이트진로는 2016년부터 태국 대형마트인 '빅씨', '마크로' 일부 점포에 '참이슬'과 과일 리큐어를 판매하고 있다. 마트 전용 기획상품을 개발하고 '딸기에이슬' 등 품목 확대로 가정 공략에 나섰다.올해는 태국 최대 편의점 체인인 세븐일레븐 5000여 개 점포에 입점했다. 또한 현지 주요 식당에서 소주 시음회 행사인 '진로데이'를 열기도 했다. 황정호 하이트진로 해외사업 총괄상무는 “태국 내에서 소주 브랜드 이미지 제고와 소주세계화 전략을 통해 올해도 두 자릿수 성장을 이어갈 것으로 기대한다”고 말했다.",2021.07.21. 오전 9:59,2,0,0,0,0,
"""우리 경쟁자는 싱글몰트 위스키""…하이트진로 프리미엄 증류주",매일경제,https://news.naver.com/main/read.naver?mode=LSD&mid=sec&sid1=103&oid=009&aid=0004823362,"'일품진로 21년산' 한정판[사진 제공 = 하이트진로] 하이트진로가 프리미엄 증류주 '일품진로 21년산'(사진)을 오는 20일부터 8000개 한정판으로 출시한다고 13일 밝혔다.일품진로 21년산은 경기도 이천 공장 숙성실에 있는 오크통에서 순쌀증류원액을 21년 넘게 숙성한 증류식 소주다. 증류 초기와 말기의 원액을 버리고 풍미가 가장 뛰어난 중기 원액만을 100% 사용해 만들었다.완성도를 위해 숙성 기간 중 주기적으로 오크통을 교체하고 위치를 바꾸며 최적의 온도와 습도를 맞췄다고 한다.하이트진로 관계자는 ""최상급 싱글몰트 위스키와 견줄 만큼 최고 품질을 갖췄다""고 말했다.패키지도 새 단장했다. 술 몸통은 검은색 그대로지만 황금빛을 띠는 크리스털 느낌의 병뚜껑이 추가됐다. 실제 21년산 원액을 담았던 오크통 조각을 병의 목에 넥태그(neck tag)로 달아 품위를 높였다.알코올 도수는 31도다. 용량 375㎖짜리 병당 16만5000원, 한 박스(6병 기준) 99만원으로 출고가가 책정됐다. 한정판인 만큼 각 병 허리 부분에 1부터 8000까지 고유 번호를 부여했다. 가정용으로 출시되지 않아 백화점·대형마트에서 구입할 수 없으며 한정된 레스토랑과 고급 호텔 등에서 판매될 예정이다.  [진영화 기자]",2021.07.13. 오후 3:19,0,0,0,1,0,2021.07.13. 오후 5:09
"소주, 21년 숙성하면 어떤 맛일까…하이트진로, 일품진로 21년산 한정판매",매일경제,https://news.naver.com/main/read.naver?mode=LSD&mid=sec&sid1=103&oid=009&aid=0004823144,"[사진 제공 = 하이트진로] 하이트진로(대표 김인규)가 21년 동안 목통에서 숙성한 슈퍼프리미엄 증류소주 '일품진로 21년산'을 8000병 한정 판매한다고 13일 밝혔다.하이트진로는 2018년 '일품진로 18년산' 출시를 시작으로 '일품진로 19년산, 20년산' 등 매해 한정판을 선보이고 있다.일품진로 21년산은 풍미가 가장 뛰어난 중간층 원액만을 선별해 21년 이상 숙성한 제품이다. 최적의 숙성을 위해 목통 위치를 주기적으로 바꾸고 교체했다. 가격은 16만5000원이다. 한박스(375ml 6병 기준) 출고가는 99만원이다. 패키지는 블랙 색상이다. 병뚜껑은 크리스탈 느낌의 금빛으로 꾸몄다. 21년산 원액을 담았던 목통 조각 넥택을 추가해 정통성을 강조했다. 오성택 하이트진로 마케팅실 상무는 ""하이트진로는 대한민국 대표 주류기업으로서 참이슬, 진로 등 일반 소주부터 일품진로 등의 최상급 프리미엄 소주까지 다양한 제품을 선보이고 있다""며 ""앞으로도 다양한 포트폴리오의 제품 개발을 통해 소주의 세계적 위상을 높이는데 앞장서겠다""고 말했다.[최기성 매경닷컴 기자 gistar@mk.co.kr]",2021.07.13. 오전 10:20,2,0,0,5,0,
"태국서도 소주 인기…하이트진로 상반기 수출, 전년比 3배↑",동아일보,https://news.naver.com/main/read.naver?mode=LSD&mid=sec&sid1=101&oid=020&aid=0003371500,"태국 방콕에 위치한 수쿰윗(Sukhumvit) 코리아타운에 진로 두꺼비가 설치되어 있다. 사진=하이트진로 제공하이트진로가 신종 코로나바이러스 감염증(코로나19) 상황 속에서도 태국 시장에서 눈에 띄는 성장세를 보였다.하이트진로는 올해 상반기 수출 실적이 전년 동기대비 3배 성장한 155만 달러(약 20억 원)를 기록했다고 21일 밝혔다.하이트진로는 소주 세계화를 선포한 2016년부터 지난해까지 4년간 연평균 30%씩 꾸준히 성장했다. △현지 유통망 개척 및 과일리큐르 품목 확대를 통한 가정 시장 공략 △‘진로데이’ 등 브랜드 인지도 확대를 위한 소비자 체험 마케팅 활동이 주효해 이 같은 성장을 이끈 것으로 회사 측은 분석하고 있다.하이트진로는 2016년부터 대형마트인 빅씨(BigC), 마크로(Makro) 일부 점포에 참이슬과 과일리큐르를 입점했다. 이어 마트 전용 기획상품 및 단독 매대 설치, ‘딸기에 이슬’ 출시를 통한 품목 확대 등으로 가정 시장을 공략해왔다. 올해도 태국 최대 규모 편의점인 ‘세븐일레븐’ 5000여개 점포에 입점했다. 앞으로도 현지 유통망 확대를 위해 지속적으로 노력할 계획이다.황정호 하이트진로 해외사업 총괄상무는 “2016년 소주 세계화를 선포하고 경제성장, 인구기반, 주류시장 현황 등 다양한 요소를 고려해 태국, 베트남, 말레이시아 등 동남아시아 국가를 집중 공략하며 K-소주 시장을 선도해 나가고 있다”며 “태국 내에서 소주 브랜드 이미지 제고와 소주세계화 전략을 통해 올해도 두 자릿수 성장을 이어갈 것으로 기대한다”고 말했다.",2021.07.21. 오전 10:06,0,0,0,0,0,
"하이트진로 테라 500mL캔 가격 16% 인하…""소비자에 감사""",부산일보,https://news.naver.com/main/read.naver?mode=LSD&mid=sec&sid1=101&oid=082&aid=0001106607,"원자재 가격 인상으로 제품 가격 인상이 이어지고 있는 유통업계에서 업체가 소비자 가격을 인하한 사례가 나왔다. 하이트진로는 본격적인 여름 성수기를 맞아 '청정라거-테라'(사진)를 사랑해주는 소비자에게 보답하기 위해 테라 가격을 캔제품에 한해 인하하기로 했다고 14일 밝혔다.코로나19가 장기화하고 있는 가운데 하이트진로는 가정 시장을 더욱 확대하고 소비자에게 직접적인 혜택을 제공해 힘이 되고자 가격 인하를 결정하게 됐다고 설명했다. 이번 가격 인하는 가정 채널에서 가장 많이 판매되는 테라 500mL 캔에 한하며, 소비자는 15일부터 기존 가격 대비 15.9% 인하된 테라를 만나볼 수 있다.앞서 하이트진로는 소비자에게 감사의 마음을 전하고 대한민국에 청정 웃음을 선사하기 위한 활동의 일환으로, 소비자 가격을 인하해 한정 판매한 '테라X스마일리 한정판'으로 좋은 반응을 얻고 있다.오성택 하이트진로 마케팅실 상무는 ""시대상을 반영하는 대표 맥주로, 어려운 시기 소비자에게 위로가 될 뿐 아니라 가정 시장 활성화에도 기여하고자 한다""면서 ""소비자 요구에 부합하는 도전과 혁신을 지속해 침체된 시장 분위기의 반전과 성장을 이끌겠다""고 전했다.",2021.07.14. 오전 10:46,2,0,0,0,0,
"하이트진로(주), 부산 남구에 이웃돕기 성품 전달",부산일보,https://news.naver.com/main/read.naver?mode=LSD&mid=sec&sid1=102&oid=082&aid=0001108746,"생수(석수) 250박스 전달하이트진로(주)(대표 김인규)는 지난 20일 부산 남구(구청장 박재범)에 생수(석수) 250박스를 전달하였다.전달식에 참석한 하이트진로(주) 특판부산지점 이충희 지점장은 “여러모로 힘든 시기를 보내고 있을 취약계층을 돕고자 성품을 전달하게 되었다”며 소감을 밝혔으며,박재범 구청장도 “기업의 선한 영향력이 우리 사회를 살만한 곳으로 만드는 것 같다. 후원 성품은 꼭 필요한 곳에 잘 전달하겠다”며 감사의 마음을 전했다.이 날 전달된 생수(석수)는 남구동행푸드마켓 및 지역아동센터 등에 지원될 예정이다.",2021.07.22. 오후 4:29,0,0,0,0,0,
"하이트진로, 21년 숙성 원액 '일품진로 21년산' 출시",부산일보,https://news.naver.com/main/read.naver?mode=LSD&mid=sec&sid1=101&oid=082&aid=0001106224,"슈퍼프리미엄 증류소주 브랜드 '일품진로 21년산'(사진)이 새로운 모습으로 출시된다. 하이트진로는 21년 목통 숙성 원액 100%로 완성한 일품진로 21년산을 오는 20일 출시하고 8000병 한정판매한다고 13일 밝혔다. 하이트진로는 2018년 '일품진로 18년산' 출시를 시작으로 '일품진로 19년산, 20년산' 등 매해 한정판을 선보이며 국내 소주의 자존심을 높이고 슈퍼프리미엄 소주 시장을 개척, 확대하는데 기여해왔다.이번에 선보이는 21년산은 풍미가 가장 뛰어난 중간층 원액만을 선별해 21년 이상 숙성한 제품이다. 목통의 위치를 주기적으로 바꾸고 교체하는 등 긴 시간 동안 최적의 온도와 습도를 맞춰 탄생했다. 하이트진로의 97년 역사와 양조 노하우를 바탕으로 최상급 싱글몰트 위스키와 견줄 만큼 최고의 품질을 갖췄다. 일품진로 21년산 한 병의 출고가는 16만 5000원이다. 이는 한박스(375mL 6병 기준)에 99만 원의 출고가로 대한민국 슈퍼프리미엄 소주의 명맥을 이어간다는 전략이다.올해는 더욱 특별해진 패키지가 눈에 띈다. 블랙 색상은 유지한 채 골드빛을 띄는 크리스탈 느낌의 병뚜껑으로 세련미를 강조했다. 실제 21년산 원액을 담았던 목통 조각 넥택을 추가해 정통성을 한껏 높였다. 이전에 출시했던 한정판은 매년 조기 완판을 기록하며 큰 인기를 끌었다. 이번에도 일품진로 21년산은 제품마다 리미티드 넘버를 부여해 단 8000병만 출시되며 희소가치를 높여 한정된 레스토랑과 업소, 고급 호텔 등에서 판매될 예정이다.오성택 하이트진로 마케팅실 상무는 ""대한민국 대표 주류기업으로 끊임없는 연구 개발과 투자를 통해 참이슬, 진로 등 일반 소주부터 일품진로 등의 최상급 프리미엄 소주까지 다양한 제품을 선보이고 있다""면서 ""다양한 포트폴리오의 제품 개발을 통해 대한민국 대표 주류인 소주의 세계적 위상을 높이는데 앞장 서겠다""고 전했다.일품진로와 일품진로 한정판은 세계 유명 주류품평회인 '2019, 2020, 2021 몽드셀렉션'에서 증류주 부문에서 3년 연속 대상을 수상하며 품질력을 인정받았다.",2021.07.13. 오전 9:51,0,0,0,0,0,
