title,press,url,content,publish_date,modify_date,reaction_good,reaction_warm,reaction_sad,reaction_angry,reaction_want
화학계열사 업황개선 기대에 삼양홀딩스 이달만 52% 급등,매일경제,https://news.naver.com/main/read.naver?mode=LSD&mid=sec&sid1=101&oid=009&aid=0004783653,"중견그룹 삼양그룹의 지주사인 삼양홀딩스가 화학부문 계열사 기업가치가 주목받으며 이달 들어서만 50% 넘게 올랐다. 삼양홀딩스는 22일 기준 14만2000원으로 이달 들어서만 51.55% 상승했다.작년 말 기준 삼양그룹 사업부문은 식품(삼양사·삼양에프앤비), 화학(삼양사·삼양패키징·삼양이노켐·케이씨아이), 기타(삼양바이오팜·삼양데이타시스템) 등으로 이뤄져 있다. 삼양홀딩스는 19개 계열사를 두고 있으며 상장사는 삼양홀딩스, 삼양사, 삼양패키징, 케이씨아이 등 4개사다.금융투자 업계에서는 삼양이노켐과 삼양패키징 등 화학부문 계열사의 실적 개선 기대감을 주가 상승 이유로 보고 있다. 삼양이노켐은 엔지니어링 플라스틱 원료인 BPA(비스페놀-A) 제조 업체로 LG화학(49만5000t), 금호피엔비화학(45만t)에 이어 국내 세 번째 생산능력(18만t)을 보유하고 있다. 이동욱 키움증권 연구원은 ""현재 가격, 스프레드, 가동률이 연간 유지된다면 삼양이노켐 영업이익은 작년(636억원) 대비 2000억원 이상 증가할 수도 있다""고 평가했다. 페트병 제조업체 삼양패키징은 아셉틱(음료 충전)OEM(주문자상표부착생산)·ODM(제조자개발생산) 업체로서 경쟁력이 주목받고 있다. 성현동 KB증권 연구원은 ""삼양패키징의 아셉틱 음료 OEM·ODM의 산업 내 경쟁력은 반도체 파운드리 산업의 TSMC와 비견될 만하다""고 말했다. KB증권은 삼양패키징 목표주가를 2만9000원으로 제시했다. 삼양패키징은 올해 들어 22일까지 14.82% 오르며 이달에 장중 사상 최고치를 새로 썼다. 22일은 전날에 비해 0.61% 내린 2만4400원에 마감했다. 지난해 삼양홀딩스 매출액은 2조4712억원으로 전년 대비 0.7% 줄었고, 영업이익은 1703억원으로 114.5% 늘었다.  [강봉진 기자]▶ '경제 1위' 매일경제, 네이버에서 구독하세요▶ 이 제품은 '이렇게 만들죠' 영상으로 만나요▶ 부동산의 모든것 '매부리TV'가 펼칩니다[ⓒ 매일경제 & mk.co.kr, 무단전재 및 재배포 금지]",2021.04.22. 오후 5:51,2021.04.22. 오후 7:58,7,0,0,1,0
"사이버한국외국어대학교, 삼양홀딩스와 산업체 위탁교육 협약 체결",중앙일보,https://news.naver.com/main/read.naver?mode=LSD&mid=sec&sid1=102&oid=025&aid=0003104951,"             사이버한국외국어대학교(총장 김중렬)는 지난 18일 ㈜삼양홀딩스(대표 윤재엽, 엄태웅)와 산업체 위탁교육 협약을 체결했다.      사이버한국외대와 삼양홀딩스는 산학 협력을 추진하며 양 기관의 공동발전과 우호증진을 위해 유기적인 협력관계를 도모하기로 하고, 특히 기업 임직원의 역량 강화와 자기개발 지원 방안을 구체적으로 논의했다.        국내 유일 외국어 특성화 사이버대학교인 사이버한국외대는 ‘언어와 실용학문’의 융복합 교육과정을 토대로 위탁생 교육을 수행해 임직원의 외국어 능력 및 실무역량 강화, 국제적 감각 제고, 재교육 및 평생교육의 기회 확대 등 다방면에서 도움을 주기로 했다.      아울러, 삼양홀딩스 및 삼양그룹 계열사에 재직 중인 임직원이 대학 학사학위 과정에 산업체 위탁교육 전형으로 입학할 경우 입학금을 전액 면제하고, 졸업할 때까지 장학금 혜택을 받을 수 있도록 지원한다. 학부과정뿐만 아니라 대학원 석사학위 과정 진학 시에도 별도 장학금 수혜가 가능하다.      협약에 따른 산업체 위탁생 교육은 오는 6월 1일(화)부터 모집하는 2021학년도 2학기 신·편입생부터 적용되며, 입학 시 업무와 병행하며 시간과 장소에 구애받지 않고 온라인으로 사이버한국외대에서 학업을 수행할 수 있다.      사이버한국외국어대학교는 6월 1일(화)부터 7월 14일(수)까지 2021-2학기 신·편입생을 모집한다. 이번 모집 학부(과)는 영어학부, 중국어학부, 일본어학부, 한국어학부, 스페인어학부, 베트남·인도네시아학부, 마케팅·경영학과, 산업안전학과, 다문화·심리상담학과이다.      입학에 관한 자세한 내용은 입학에 관한 자세한 내용은 사이버한국외대 입학지원센터 홈페이지에서 확인할 수 있으며, 전화, 이메일로 문의 가능하다.  온라인 중앙일보   ▶ 그가 들려주는 이야기, 이상언의 '더 모닝'▶ 건강한 주식 맛집, 앤츠랩이 차린 메뉴▶ '실검'이 사라졌다, 이슈는 어디서 봐?ⓒ중앙일보(https://joongang.co.kr), 무단 전재 및 재배포 금지",2021.05.27. 오후 3:34,,0,0,0,0,0
"삼양홀딩스, 엠큐렉스와 mRNA 코로나19 백신 개발 협력",매일경제,https://news.naver.com/main/read.naver?mode=LSD&mid=sec&sid1=101&oid=009&aid=0004783315,"삼양홀딩스는 유전자 치료제 신약 개발업체 올릭스 자회사인 엠큐렉스와 코로나19 백신 개발을 위한 양해각서(MOU)를 체결했다고 22일 밝혔다. 이에 따라 양사는 코로나19 면역 반응을 일으키는 메신저 리보핵산(mRNA)과 이를 세포까지 안정적으로 전달하는 약물 전달체 개발에 협력할 방침이다. mRNA는 인체 내에서 특정 단백질을 만들 수 있도록 정보를 전달해주는 유전물질로 최근 이를 이용한 코로나19 백신이 출시돼 관심을 끌고 있다. mRNA 코로나19 백신을 접종하면 우리 몸은 코로나19 바이러스가 들어온 것으로 인식해 면역 반응을 일으켜 실제 코로나19 바이러스에 대한 면역력을 갖게 된다. 다만 mRNA는 인체 내 분해효소에 의해 쉽게 손상될 수 있는 만큼 이를 안전하게 보호하여 세포까지 전달해주는 '약물 전달체'가 필수적이다.삼양홀딩스 바이오팜 그룹은 생체 흡수성 고분자 기술과 독자적 특허 기술을 바탕으로 약물전달시스템(DDS) 연구에 20여년간 집중해왔다. DDS는 약물을 안전하고 효과적으로 인체내에 전달해주는 기술이다. 최근 siRNA, mRNA, pDNA같은 핵산과 항암 바이러스 등 바이오 의약품을 인체 내에 안정적으로 전달하는 혁신적 약물 전달체 개발에 주력하고 있다.엠큐렉스는 RNA 간섭 플랫폼 기술 기반의 유전자 치료제 신약 개발 기업 올릭스가 mRNA 신약 R&D를 위해 설립한 자회사다. 현재 엠큐렉스는 코로나19 mRNA 백신에 적용된 핵심 기술인 mRNA 5프라임-캡핑(mRNA 5'-Capping) 개발에 참여한 글로벌 mRNA 전문가들을 연구 총괄 및 과학기술자문위원으로 영입해 mRNA 백신 및 치료제를 개발하고 있다.엄태웅 삼양홀딩스 대표는 ""우리가 가진 독자적 약물 전달 기술을 활용한 혁신적 치료제를 지속적으로 상용화해 환자들의 삶의 질을 개선할 것""이라 밝혔다.[김병호 기자]▶ '경제 1위' 매일경제, 네이버에서 구독하세요▶ 이 제품은 '이렇게 만들죠' 영상으로 만나요▶ 부동산의 모든것 '매부리TV'가 펼칩니다[ⓒ 매일경제 & mk.co.kr, 무단전재 및 재배포 금지]",2021.04.22. 오전 11:32,,2,0,0,0,0
"삼양홀딩스, 삼양바이오팜 흡수 합병 결정",매일경제,https://news.naver.com/main/read.naver?mode=LSD&mid=sec&sid1=105&oid=009&aid=0004739870,"4월 1일 합병 완료 계획삼양홀딩스가 바이오의약 전문 자회사 삼양바이오팜을 흡수 합병한다. 26일 삼양홀딩스는 삼양바이오팜 합병 건을 이사회에서 결의했다고 공시했다. 삼양홀딩스는 관련 절차를 거쳐 오는 4월 1일 합병 절차를 마무리 지을 계획이다. 이번 합병은 삼양홀딩스의 중장기적 기업 가치 제고 위해 이뤄졌다. 반대로 삼양바이오팜은 신약 개발, 글로벌 신사업 등 향후 예정된 중장기 투자에 필요한 재원을 안정적으로 조달하고 글로벌 신인도를 높여 글로벌 시장 공략을 가속화할 계획이다.삼양홀딩스 관계자는 ""의약바이오 사업은 삼양그룹의 미래 성장 동력으로 혁신 신약 R&D, 글로벌 생산기지 구축, 신규 사업 진출 등 장기적 투자가 진행 중""이라며 ""의약바이오 사업의 성장 전략을 신속하고 원활하게 실행하고 삼양홀딩스의 기업 가치 제고를 위해 양사의 합병을 결정했다""고 밝혔다.삼양바이오팜은 2011년 11월 삼양그룹의 지주회사 체제 구축과 함께 설립됐다. 2019년 매출 약 945억원으로 글로벌 생분해성 봉합사 원사 시장 시장 점유율 1위를 차지하고 있다. '삼양바이오팜USA', '삼양바이오팜 헝가리' 등 해외 법인을 연이어 설립하며 글로벌 시장 진출도 확대 중이다. [박윤균 기자]▶ 네이버 메인에서 '매일경제'를 받아보세요▶ 궁금한 제조과정 영상으로 보세요. '이렇게 만들죠'▶ 아파트 살까 청약할까. 여기서 확인하세요. '매부리tv'[ⓒ 매일경제 & mk.co.kr, 무단전재 및 재배포 금지]",2021.01.27. 오전 11:19,,0,0,0,0,0
[경제계 인사] 삼양홀딩스 통합구매실장 김남용 외,조선일보,https://news.naver.com/main/read.naver?mode=LSD&mid=sec&sid1=101&oid=023&aid=0003580365,▲삼양홀딩스▷통합구매실장 김남용▲삼양사▷화학그룹장 감호성▷CTO 이상윤▷AM BU영업PU장 서휘원▷식품바이오연구소장 정우경▷산업바이오PU장 류훈▷식품BU울산1공장장 신재동▲삼양화성▷대표이사 김종필▲삼양바이오팜▷MD사업PU생산기술총괄 김주관▲한국항공우주산업▷부사장 김형준▷상무 김정호 김준명 김한일 차재병 한창헌 ▶ 네이버에서 조선일보 받아보기▶ 당신의 맞춤뉴스 '뉴스레터' 신청하세요 ▶ 조선일보 로그인하고 영화 공짜로 보자!  ,2020.12.02. 오전 3:11,,0,0,0,0,0
